CustomerID,Full_Name,Age_Years,Gender_Type,Region_Served,Months_of_Tenure,Plan_Package,Billing_Fees,Internet_Usage_GB,Call_Logs_Counted,Tickets_Raised_Count,Churn_Forecast,User_Interaction_Score,Customer_FK
1,Chris Johnson,24,Female,North,34,Low,74.17,150.23,56,50,Medium,146.94,1
2,David Martinez,63,Female,North,25,Low,127.52,24.98,58,7,Low,74.91,2
3,John Johnson,42,Male,Central,18,Low,161.83,130.52,44,76,Medium,158.81,3
4,Sarah Jones,58,Female,North,32,Medium,104.65,34.35,33,6,Low,185.43,4
5,Emily Johnson,47,Male,West,79,Low,182.32,143.47,31,75,Medium,134.42,5
6,Laura Johnson,67,Male,South,73,High,121.71,104.68,26,60,Medium,30.97,6
7,David Johnson,62,Female,North,71,Medium,150.7,116.59,86,53,High,112.93,7
8,Jane Jones,55,Male,North,81,Low,17.52,97.17,56,95,High,175.45,8
9,Jane Lee,26,Male,Central,85,Low,101.22,61.77,31,76,High,56.34,9
10,Laura Davis,22,Female,West,75,Medium,61.56,180.38,1,24,Medium,17.62,10
11,Robert Miller,31,Male,East,82,Low,28.48,145.41,45,40,Medium,97.39,11
12,Robert Lee,71,Male,East,84,Low,42.21,66.38,82,13,Medium,144.92,12
13,Sarah Miller,41,Male,South,22,Low,104.6,27.92,48,64,Low,115.59,13
14,John Miller,23,Female,Central,63,Low,39.37,148.34,16,12,Medium,163.14,14
15,Chris Johnson,58,Female,East,38,High,191.96,191.05,5,97,Low,62.56,15
16,Jane Garcia,73,Male,North,48,Low,198.64,124.07,98,70,Medium,165.95,16
17,Laura Jones,55,Female,East,85,High,197.68,133.02,83,83,Low,185.53,17
18,Emily Lee,22,Male,South,39,Low,112.91,51.1,78,88,Low,140.97,18
19,Jane Lee,19,Male,West,87,Low,35.8,43.52,17,71,Medium,144.88,19
20,Sarah Williams,44,Male,West,36,Low,93.87,180.12,94,58,Low,34.93,20
21,Laura Smith,66,Female,North,84,Low,44.45,148.73,44,9,Low,108.91,21
22,Emily Williams,37,Female,East,50,Medium,31.17,95.35,50,45,Low,152.92,22
23,Sarah Smith,29,Female,North,15,Medium,106.67,83.8,38,70,High,47.92,23
24,Jane Smith,28,Male,South,80,Low,174.01,67.5,38,37,Medium,174.85,24
25,Emily Lee,60,Female,North,41,High,71.73,160.2,60,77,Medium,67.03,25
26,John Johnson,52,Male,North,67,Low,87.85,20.58,84,64,High,125.45,26
27,Robert Martinez,27,Female,North,61,High,153.92,11.7,12,3,High,132.43,27
28,David Brown,28,Female,North,13,Medium,120.37,23.06,63,83,Low,27.41,28
29,Robert Garcia,57,Female,South,6,Low,151.37,97.86,32,5,Low,23.35,29
30,Mike Smith,63,Male,North,11,High,112.92,162.33,90,38,High,100.33,30
31,Jane Lee,39,Male,South,51,Medium,90.07,22.02,16,55,High,98.1,31
32,John Jones,55,Male,South,83,Low,51.71,31.5,71,4,High,105.86,32
33,David Davis,70,Female,North,70,Low,95.6,39.78,28,33,Low,102.5,33
34,Emily Williams,62,Male,Central,8,High,19.99,142.78,38,59,High,100.29,34
35,John Davis,38,Male,East,70,High,68.19,90.38,39,78,High,34.57,35
36,Sarah Jones,64,Female,South,91,Medium,20.86,37.08,99,5,High,153.48,36
37,Jane Jones,36,Male,West,36,Low,25.23,52.2,90,63,Medium,55.39,37
38,John Martinez,67,Male,South,64,High,143.52,87.12,32,17,Medium,199.11,38
39,David Davis,53,Female,East,25,Low,53.91,25.91,61,51,Low,153.06,39
40,Sarah Williams,20,Female,East,47,Medium,135.02,168.98,63,6,High,62.01,40
41,Sarah Davis,30,Male,East,13,High,22.63,137.37,14,44,High,120.75,41
42,Jane Jones,33,Female,East,74,Low,186.04,157.9,75,2,High,11.12,42
43,Jane Jones,56,Female,South,9,High,79.87,22.37,67,17,Low,142.22,43
44,David Lee,57,Male,North,23,Low,52.02,80.01,54,41,Low,178.5,44
45,John Jones,50,Male,South,65,Low,59.53,81.21,39,94,Medium,166.33,45
46,David Martinez,28,Female,Central,40,Medium,176.93,33.71,59,32,High,128.74,46
47,Mike Williams,66,Male,West,21,Low,163.76,15.93,24,41,High,58.34,47
48,Laura Williams,18,Female,North,42,Low,22.66,198.65,56,23,High,164.78,48
49,Robert Johnson,25,Female,South,7,Low,39.03,168.74,63,12,Low,104.5,49
50,Sarah Garcia,71,Female,East,82,High,99.49,46.26,68,14,Low,70.31,50
51,Sarah Smith,71,Female,Central,69,Low,57.33,147.71,23,73,Medium,193.21,51
52,Emily Lee,74,Female,South,37,Medium,146.88,76.49,73,47,Low,130.22,52
53,John Garcia,43,Male,North,32,High,141.3,135.52,5,6,Medium,171.86,53
54,Katie Williams,63,Male,North,50,High,32.17,149.27,7,91,Medium,88.76,54
55,Emily Brown,60,Female,Central,22,Medium,110.41,50.91,56,22,Low,180.37,55
56,Katie Miller,74,Male,Central,80,High,170.53,79.62,46,55,High,111.91,56
57,John Smith,68,Female,West,3,High,116.81,11.73,66,89,Low,185.51,57
58,John Lee,65,Male,Central,84,Low,196.29,178.01,51,44,Medium,26.82,58
59,Mike Garcia,29,Male,Central,30,High,20.72,61.6,18,68,Medium,141.38,59
60,Jane Martinez,23,Female,West,92,High,152.89,173.34,63,99,High,97.04,60
61,Jane Davis,63,Female,Central,96,High,40.67,177.25,26,14,Low,117.79,61
62,Katie Garcia,33,Male,South,66,Medium,105.54,198.65,8,73,Medium,16.74,62
63,Jane Lee,53,Male,North,34,Medium,89.67,84.05,18,64,High,66.45,63
64,David Garcia,61,Female,Central,6,Medium,46.06,71.65,82,4,Low,66.66,64
65,Mike Johnson,31,Male,North,62,High,16.24,38.08,7,40,Medium,51.46,65
66,Jane Johnson,66,Male,South,54,High,99.05,88.68,57,77,Medium,110.32,66
67,Laura Davis,24,Female,East,90,High,127.93,162.73,38,91,High,16.19,67
68,Emily Johnson,33,Male,East,23,Low,164.09,30.83,97,97,Low,191.2,68
69,Emily Brown,75,Female,South,40,Low,104.03,54.4,10,59,High,97.54,69
70,Chris Brown,60,Male,East,68,High,22.07,131.95,84,88,Low,70.47,70
71,Laura Jones,70,Female,North,51,Medium,141.7,172.37,38,66,Low,113.06,71
72,Emily Miller,59,Male,West,65,Medium,164.69,98.38,54,69,Medium,85.97,72
73,Chris Martinez,58,Male,North,12,High,49.72,79.63,51,90,Medium,61.13,73
74,Robert Lee,27,Male,East,90,Medium,91.26,91.91,94,60,High,146.72,74
75,Emily Jones,28,Female,East,9,Low,114.92,138.3,34,12,Low,102.07,75
76,Chris Miller,69,Male,South,62,Medium,182.45,193.76,95,50,High,24.7,76
77,Chris Miller,55,Female,Central,48,Low,21.78,175.81,70,17,Low,147.81,77
78,Emily Miller,43,Male,Central,93,High,89.73,11.99,31,50,Medium,136.87,78
79,Mike Davis,44,Female,Central,65,High,85.86,118.9,60,22,High,182.8,79
80,Jane Martinez,61,Female,South,26,High,178.96,143.75,1,10,Medium,197.9,80
81,Jane Miller,39,Female,West,91,Low,14.5,100.7,33,82,High,41.5,81
82,Mike Smith,47,Female,East,57,High,19.28,99.83,30,72,High,26.44,82
83,Laura Smith,37,Male,West,52,Low,42.22,199.76,23,24,Low,72.76,83
84,Jane Lee,27,Female,West,96,High,58.63,146.43,37,68,High,197.9,84
85,Chris Jones,55,Male,South,48,Medium,151.34,47.55,84,89,Medium,61.18,85
86,Chris Brown,52,Female,North,51,Low,25.34,22.87,81,22,Medium,133.93,86
87,Jane Miller,44,Male,North,55,High,129.58,190.02,59,17,Low,59.45,87
88,Mike Miller,56,Female,North,57,Low,60.5,58.27,83,100,High,55.93,88
89,Jane Garcia,37,Female,Central,40,Medium,51.71,191.2,85,82,Low,190.39,89
90,John Brown,38,Male,North,72,Low,109.08,117.01,99,56,Low,154.6,90
91,Emily Jones,66,Female,East,90,Medium,173.69,25.61,97,67,Low,186.43,91
92,John Martinez,71,Male,Central,10,Medium,189.78,159.34,92,81,Medium,79.02,92
93,Chris Jones,36,Female,Central,92,High,182.74,174.76,63,89,High,129.34,93
94,Mike Martinez,55,Male,East,24,High,108.02,94.26,83,26,Medium,88.62,94
95,Jane Brown,75,Male,South,67,Medium,134.86,137.55,7,98,Low,176.05,95
96,Sarah Martinez,53,Male,East,93,High,136.74,121.74,85,87,Medium,122.3,96
97,Katie Jones,35,Male,North,71,Medium,38.57,66.3,78,76,Medium,67.61,97
98,John Johnson,57,Female,North,29,High,152.19,67.25,67,29,Medium,20.68,98
99,Sarah Jones,72,Female,South,51,High,113.64,170.48,45,99,Medium,21.96,99
100,Mike Garcia,53,Male,East,20,High,112.39,137.81,16,34,Medium,125.59,100
101,David Smith,75,Female,West,2,High,35.19,72.69,82,92,Medium,50.47,101
102,David Johnson,72,Male,Central,11,High,114.83,151.11,90,59,High,48.52,102
103,John Davis,19,Female,Central,80,High,190.03,140.74,31,71,High,135.98,103
104,Chris Davis,34,Female,South,49,High,190.7,49.17,12,25,High,39.73,104
105,John Williams,65,Male,West,85,Medium,172.77,108.9,8,32,High,19.87,105
106,Robert Lee,60,Female,West,54,High,197.48,78.22,92,80,Low,103.37,106
107,Laura Lee,41,Female,North,88,Low,100.58,197.03,18,100,Medium,180.53,107
108,Chris Miller,65,Male,Central,15,Medium,83.99,103.74,50,78,Low,58.21,108
109,Robert Johnson,75,Female,Central,38,Medium,63.84,43.92,96,60,High,195.62,109
110,Chris Jones,49,Male,Central,91,High,155.71,150.44,70,16,High,22.7,110
111,David Miller,70,Male,South,63,Low,111.09,113.76,11,61,High,187.1,111
112,Sarah Smith,53,Female,North,67,Medium,178.86,136.38,75,81,High,173.22,112
113,Katie Davis,59,Male,East,57,Low,161.46,79.58,47,92,Medium,146.57,113
114,Jane Brown,25,Male,South,21,Medium,114.99,181.04,71,83,High,124.38,114
115,Katie Williams,18,Male,North,41,High,152.54,109.18,31,5,Low,113.19,115
116,Laura Jones,58,Male,Central,48,Medium,108.32,165.17,92,67,High,155.03,116
117,Sarah Smith,36,Female,North,83,Medium,195.97,125.72,17,22,Low,146.11,117
118,John Williams,48,Male,East,5,High,156.17,149.99,16,74,Medium,124.51,118
119,David Davis,53,Female,West,13,Low,63.57,47.67,56,19,High,116.23,119
120,Chris Brown,19,Male,West,24,High,52.9,53.77,49,4,Low,62.36,120
121,Katie Lee,35,Female,East,81,Low,88.93,79.29,21,58,Medium,13.16,121
122,Laura Williams,56,Male,East,55,Medium,83.12,71.21,89,3,Medium,180.23,122
123,Jane Davis,51,Male,Central,65,High,30.09,84.7,32,23,Medium,198.5,123
124,Emily Martinez,38,Female,North,98,High,187.97,187.63,21,100,Medium,120.33,124
125,Robert Martinez,46,Female,West,74,Medium,27.22,145.97,31,31,Medium,102.25,125
126,Jane Davis,60,Female,North,21,Low,176.56,53.35,57,57,Low,122.62,126
127,Sarah Davis,70,Male,West,77,Low,74.63,12.68,44,83,Medium,30.38,127
128,Mike Miller,66,Female,West,1,High,69.79,58.44,68,21,Low,23.75,128
129,Mike Davis,44,Male,South,47,High,181.52,110.18,81,53,Medium,180.76,129
130,Sarah Davis,60,Male,East,11,Medium,183.66,161.17,2,80,Low,100.51,130
131,Laura Martinez,34,Male,South,62,High,102.62,117.47,8,53,Low,147.84,131
132,Robert Lee,49,Male,East,70,Low,182.68,42.43,76,38,Medium,120.25,132
133,John Williams,64,Male,South,59,High,82.06,101.13,55,83,Low,82.86,133
134,Jane Miller,18,Female,West,48,High,132.33,50.29,54,70,Low,100.36,134
135,Chris Smith,28,Female,South,67,Medium,52.9,62.84,78,54,Low,185.67,135
136,Emily Johnson,44,Female,Central,5,High,159.17,53.25,48,71,Medium,166.64,136
137,Laura Jones,40,Female,North,83,High,159.46,149.74,91,73,Medium,78.09,137
138,Chris Lee,71,Female,North,3,High,169.55,52.75,20,70,Medium,41.5,138
139,Robert Garcia,22,Female,North,94,Medium,144.93,19.59,74,36,Low,165.88,139
140,John Brown,75,Female,Central,49,Low,152.12,27.7,57,29,Medium,164.58,140
141,Robert Davis,22,Female,West,36,Low,68.14,14.12,97,56,Low,68.09,141
142,Jane Johnson,31,Female,East,58,Medium,50.67,192.71,80,41,High,113.2,142
143,David Martinez,22,Female,North,25,High,112.71,85.41,99,73,High,11.48,143
144,Laura Garcia,70,Male,South,97,High,84.62,76.63,72,42,High,113.5,144
145,Laura Jones,52,Male,North,23,Low,162.17,161.72,7,23,Medium,95.43,145
146,David Garcia,72,Female,West,56,Low,156.08,57.04,55,28,Medium,196.94,146
147,Katie Williams,44,Male,East,34,Low,30.63,38.3,60,83,High,136.32,147
148,Laura Lee,54,Female,West,86,Medium,76.37,12.8,46,71,Low,64.04,148
149,Laura Davis,50,Male,South,93,Medium,108.24,173.83,18,43,Medium,50.02,149
150,Emily Garcia,29,Female,North,91,Medium,185.18,26.59,70,72,Medium,22.38,150
151,Chris Jones,25,Female,North,62,Low,14.39,127.08,43,29,Medium,58.13,151
152,David Brown,41,Male,West,34,Medium,69.38,115.27,86,78,High,139.37,152
153,Robert Garcia,73,Female,South,33,Low,195.6,144.31,17,21,Low,91.05,153
154,Mike Brown,55,Male,East,76,Low,155.71,172.11,29,65,High,42.92,154
155,Laura Smith,23,Female,Central,73,Low,45.56,60.68,16,55,Low,182.67,155
156,Emily Brown,48,Female,West,91,Low,133.85,27.69,15,90,High,180.47,156
157,Chris Lee,66,Male,South,51,High,136.75,122.51,17,1,Low,95.14,157
158,David Smith,63,Female,Central,31,Low,150.98,196.13,95,12,High,157.47,158
159,Chris Williams,74,Male,East,42,Low,51.81,67.81,8,7,High,43.86,159
160,Emily Martinez,68,Male,Central,65,High,126.11,54.82,21,95,Medium,20.29,160
161,Chris Johnson,68,Female,West,92,Medium,24.9,176.37,4,50,Medium,128.92,161
162,Chris Jones,19,Female,Central,41,Medium,126.74,67.98,74,93,Medium,88.1,162
163,David Smith,25,Male,North,2,High,113.55,24.13,43,32,Medium,190.67,163
164,John Martinez,52,Male,North,32,High,67.34,59.61,56,16,Low,102.23,164
165,Emily Lee,40,Male,North,86,Medium,38.03,194.46,28,25,Medium,15.55,165
166,Katie Lee,57,Male,Central,51,Medium,150.33,152.12,58,61,Medium,37.45,166
167,Sarah Brown,48,Female,North,96,High,193.7,59.83,43,55,Low,175.86,167
168,Katie Garcia,69,Male,North,87,High,176.87,105.08,10,80,Medium,195.72,168
169,John Brown,48,Female,East,12,Low,99.9,138.2,99,94,Medium,58.72,169
170,Jane Lee,18,Male,South,85,High,153.24,154.88,89,7,Medium,185.47,170
171,John Brown,57,Male,East,60,Medium,47.36,87.08,80,13,Low,161.83,171
172,Katie Brown,51,Male,South,64,High,25.28,70.55,80,94,Low,61.18,172
173,Katie Jones,24,Male,North,89,Medium,76.58,182.01,5,54,Low,189.27,173
174,Jane Martinez,34,Female,North,64,Low,44.77,188.24,93,79,Medium,23.9,174
175,Katie Johnson,63,Female,West,52,Low,91.06,172.32,16,68,Low,89.71,175
176,Chris Martinez,54,Male,East,97,Medium,130.78,55.41,29,54,Medium,193.04,176
177,Laura Williams,35,Male,East,14,Medium,36.84,117.15,83,57,Medium,66.12,177
178,Sarah Williams,54,Male,North,75,Low,43.01,191.05,42,99,Low,92.33,178
179,Mike Williams,53,Male,West,44,Low,155.14,16.21,35,8,Medium,78.81,179
180,Mike Garcia,74,Male,South,44,High,67.07,87.0,35,14,High,197.18,180
181,Mike Johnson,54,Female,South,19,Medium,110.91,156.99,17,16,High,19.91,181
182,David Davis,56,Male,West,65,Low,35.09,176.39,35,30,Low,69.86,182
183,John Miller,69,Male,East,32,Medium,111.85,134.6,50,55,Medium,196.23,183
184,Jane Jones,35,Male,Central,71,Low,174.42,65.76,52,22,High,156.63,184
185,Jane Garcia,68,Female,West,93,Medium,137.48,78.98,12,72,Low,135.95,185
186,Chris Davis,62,Male,Central,9,High,160.96,156.56,8,27,Low,12.22,186
187,Chris Miller,54,Male,East,53,Low,117.13,35.44,53,92,Medium,123.71,187
188,Katie Martinez,45,Male,North,99,Medium,148.82,167.43,34,70,High,149.08,188
189,Katie Lee,54,Male,South,95,Medium,15.43,199.81,32,4,High,155.73,189
190,Mike Jones,48,Male,North,47,Medium,28.78,188.32,54,39,Low,147.38,190
191,Laura Williams,42,Male,East,97,Medium,142.2,31.4,31,82,Low,46.98,191
192,Chris Jones,74,Female,West,71,Medium,38.95,60.27,93,18,High,54.87,192
193,Mike Williams,38,Female,South,74,Low,157.3,160.3,84,3,Low,12.98,193
194,Emily Smith,20,Female,South,99,Medium,139.11,24.54,29,62,Low,183.82,194
195,Jane Miller,38,Male,South,9,Low,113.01,11.35,9,88,Low,21.8,195
196,Robert Jones,40,Female,West,37,Medium,29.9,180.75,93,32,Low,21.88,196
197,Laura Miller,35,Male,West,35,High,175.51,168.39,78,10,High,129.51,197
198,Katie Johnson,32,Male,North,18,Low,25.35,73.82,67,71,Low,79.5,198
199,Jane Garcia,28,Female,South,64,High,13.4,139.68,41,71,Medium,141.07,199
200,Emily Johnson,45,Male,South,67,Medium,83.85,115.87,42,7,Medium,24.47,200
201,John Jones,55,Female,East,27,Medium,68.72,82.5,12,9,High,186.79,201
202,John Miller,33,Female,Central,45,Low,180.29,180.38,42,6,Low,185.47,202
203,Jane Miller,22,Male,West,74,Low,125.53,92.29,24,8,High,61.41,203
204,Robert Martinez,61,Female,West,48,Medium,162.3,122.35,18,93,Medium,66.92,204
205,Jane Brown,67,Male,Central,29,Medium,192.73,114.21,23,29,Low,92.37,205
206,Mike Miller,37,Female,West,83,High,77.31,82.94,97,42,High,23.5,206
207,Sarah Miller,67,Male,West,53,Medium,58.07,189.5,67,33,Medium,78.45,207
208,Robert Martinez,72,Male,West,37,High,157.07,82.96,22,98,Medium,96.19,208
209,Robert Brown,45,Male,South,70,High,106.21,102.6,1,64,Medium,158.96,209
210,Robert Lee,65,Male,Central,58,Medium,71.13,178.51,17,13,High,148.36,210
211,Emily Smith,37,Female,North,78,Low,32.59,187.15,51,21,Low,108.84,211
212,Jane Smith,39,Male,West,82,Medium,169.56,110.41,50,84,Low,106.42,212
213,John Smith,18,Female,Central,54,Low,180.8,22.03,88,76,High,165.53,213
214,Chris Brown,60,Male,North,15,Low,187.16,191.43,34,10,Medium,175.18,214
215,Chris Garcia,47,Male,West,82,Low,82.36,91.82,44,10,High,121.79,215
216,Katie Brown,35,Female,North,96,Medium,39.6,135.82,7,47,Medium,75.91,216
217,Sarah Johnson,47,Female,South,85,Medium,52.75,119.49,63,50,High,33.17,217
218,Chris Davis,29,Male,South,79,Medium,127.93,184.53,81,74,Medium,40.07,218
219,John Smith,54,Female,Central,12,Low,63.78,144.5,78,14,Medium,12.6,219
220,John Davis,41,Male,South,26,High,124.69,155.25,73,12,High,58.43,220
221,Mike Brown,69,Female,Central,68,High,155.09,89.31,71,9,Low,116.42,221
222,Laura Johnson,70,Male,North,95,Medium,46.34,41.58,91,51,Low,20.95,222
223,Robert Lee,72,Male,East,85,High,154.24,140.21,36,41,Medium,58.31,223
224,Jane Brown,54,Female,Central,20,High,160.59,64.27,98,65,High,62.79,224
225,John Miller,33,Female,West,28,Medium,94.22,189.94,63,70,Low,54.99,225
226,John Williams,22,Male,West,38,Medium,185.02,146.07,7,60,Medium,191.92,226
227,Sarah Williams,35,Female,West,20,High,107.98,129.19,67,31,Low,95.69,227
228,Emily Garcia,26,Female,Central,17,High,13.58,73.88,1,80,Medium,98.03,228
229,Sarah Lee,68,Female,North,4,Medium,75.77,31.33,45,38,Medium,17.42,229
230,Mike Miller,66,Male,West,68,Low,163.38,167.94,7,69,High,118.64,230
231,Laura Lee,58,Female,East,10,Medium,161.7,12.68,89,83,High,92.69,231
232,Chris Lee,74,Male,North,39,Medium,171.84,199.12,50,66,Medium,13.91,232
233,John Davis,67,Female,West,54,Medium,36.22,142.17,31,75,Medium,139.15,233
234,John Johnson,50,Male,Central,40,Medium,187.4,63.21,59,92,Medium,53.89,234
235,Laura Brown,71,Male,West,71,Low,74.48,175.56,38,56,High,103.27,235
236,David Brown,68,Male,East,75,Low,139.05,179.16,92,2,Low,47.32,236
237,Jane Brown,27,Male,Central,81,Low,177.39,112.05,10,57,Low,115.58,237
238,David Brown,66,Female,East,61,Medium,58.41,131.71,41,23,Medium,81.91,238
239,John Williams,67,Male,South,75,High,135.96,138.95,59,42,Low,116.47,239
240,John Garcia,56,Male,South,5,High,15.82,155.85,40,77,Medium,12.43,240
241,Chris Williams,47,Female,North,85,Medium,146.3,97.78,83,44,High,101.52,241
242,Chris Brown,56,Male,Central,67,Medium,36.89,83.25,82,5,High,47.56,242
243,David Martinez,64,Female,East,25,Medium,145.89,172.24,31,95,Medium,184.4,243
244,Laura Williams,25,Male,North,4,Low,79.35,154.23,18,21,High,73.47,244
245,Mike Miller,62,Male,South,17,Low,115.25,85.21,52,24,Medium,183.36,245
246,Sarah Johnson,58,Female,South,12,Medium,59.26,119.55,6,49,High,18.44,246
247,Mike Garcia,57,Female,North,10,High,198.31,113.75,89,62,High,177.05,247
248,Katie Garcia,73,Female,West,27,Low,115.01,48.04,26,55,High,40.1,248
249,Robert Martinez,55,Male,East,25,Low,92.8,128.54,70,41,Low,102.51,249
250,Jane Smith,32,Male,Central,81,Low,44.44,107.51,85,3,Low,122.39,250
251,Robert Lee,68,Female,West,2,Low,96.95,90.84,68,57,Low,187.74,251
252,Robert Williams,53,Female,West,98,Low,93.35,134.84,39,3,Medium,53.31,252
253,Laura Johnson,71,Female,North,96,Low,36.73,78.19,7,85,Low,42.67,253
254,David Davis,68,Male,West,82,Medium,139.78,144.04,14,1,Medium,144.65,254
255,Emily Davis,36,Female,South,2,Medium,189.96,25.38,52,59,High,189.97,255
256,Robert Davis,22,Male,Central,57,Medium,54.11,60.03,74,44,High,97.86,256
257,Katie Johnson,36,Male,Central,33,Medium,42.93,66.72,34,91,Medium,165.51,257
258,Emily Lee,48,Female,West,80,High,19.03,150.32,88,14,Low,54.98,258
259,Sarah Miller,63,Male,Central,27,High,123.24,59.96,2,49,High,62.54,259
260,Jane Garcia,64,Male,West,72,Medium,19.53,49.94,55,50,Low,143.94,260
261,Mike Lee,22,Male,East,12,Medium,117.48,68.67,87,64,High,192.48,261
262,Emily Garcia,21,Male,East,28,Medium,186.51,77.9,8,78,High,161.03,262
263,John Garcia,67,Female,North,27,High,119.02,10.31,58,35,Low,91.08,263
264,John Smith,36,Male,North,75,Medium,130.04,185.7,95,82,Low,131.1,264
265,Robert Jones,28,Male,North,94,Low,187.18,166.33,68,16,Medium,151.42,265
266,Mike Lee,31,Female,North,98,Medium,87.72,122.76,17,97,Medium,78.23,266
267,David Martinez,70,Female,Central,70,Low,151.02,38.03,38,59,Low,16.28,267
268,Laura Davis,48,Male,Central,20,Medium,127.41,176.43,25,86,High,52.17,268
269,Mike Garcia,23,Male,East,87,Medium,45.03,143.13,94,32,High,13.2,269
270,Emily Garcia,41,Male,West,76,High,194.73,147.6,49,67,High,74.95,270
271,Robert Smith,67,Male,South,86,Low,181.45,107.64,31,64,High,197.21,271
272,John Lee,30,Female,West,16,Low,82.21,132.65,39,63,Low,85.36,272
273,Katie Martinez,69,Male,West,40,Medium,90.37,83.78,84,89,Medium,136.08,273
274,Jane Martinez,64,Male,South,20,Medium,180.52,38.32,51,95,Low,173.04,274
275,John Davis,20,Female,North,25,Medium,41.8,43.02,18,76,Low,90.7,275
276,Sarah Brown,73,Male,Central,36,Low,115.08,93.99,30,58,High,30.35,276
277,Emily Smith,33,Male,Central,2,Low,22.48,127.51,90,85,Medium,74.9,277
278,Sarah Miller,50,Female,East,73,Medium,112.8,93.09,74,15,Medium,75.21,278
279,Chris Johnson,51,Female,Central,47,Low,95.7,105.74,99,71,Low,178.69,279
280,John Williams,47,Male,Central,91,Low,183.27,105.9,27,24,High,137.16,280
281,Emily Johnson,57,Male,Central,99,Medium,22.27,21.67,10,55,High,98.83,281
282,Laura Garcia,65,Female,Central,51,High,104.76,149.6,11,20,Medium,173.32,282
283,John Garcia,56,Male,Central,26,High,164.27,83.05,21,50,Medium,199.14,283
284,Mike Garcia,42,Female,Central,99,High,66.14,133.34,15,98,High,178.98,284
285,Katie Jones,75,Female,North,53,Medium,182.31,166.84,62,92,Medium,194.74,285
286,David Lee,30,Female,East,71,Low,108.01,59.09,84,92,Low,158.72,286
287,Jane Garcia,46,Female,South,11,High,178.91,146.6,49,33,High,120.67,287
288,Katie Martinez,51,Female,Central,52,Medium,124.67,138.91,23,11,Medium,143.16,288
289,John Smith,42,Female,West,4,Low,169.93,49.85,32,1,Low,42.89,289
290,Sarah Jones,30,Female,South,47,High,187.83,123.23,74,71,Medium,19.51,290
291,Emily Brown,33,Male,South,83,Medium,159.94,88.82,94,43,High,76.78,291
292,Mike Brown,33,Female,North,2,Low,18.3,97.09,65,34,Low,113.36,292
293,Chris Smith,29,Male,East,96,High,40.66,136.23,8,97,Medium,78.96,293
294,Laura Lee,23,Female,East,91,Medium,63.79,11.35,72,79,Low,113.58,294
295,Jane Martinez,49,Male,Central,66,Medium,142.42,23.52,87,85,Medium,46.46,295
296,David Garcia,24,Male,West,43,Low,112.33,53.88,97,21,High,82.7,296
297,David Garcia,64,Female,Central,81,Medium,194.75,50.02,91,43,Medium,70.31,297
298,Chris Davis,61,Male,West,46,Medium,58.74,179.48,88,73,Medium,168.59,298
299,Robert Jones,57,Female,East,95,Medium,84.71,61.47,31,87,Medium,165.45,299
300,Jane Davis,41,Male,East,58,Low,37.66,183.17,60,36,High,162.93,300
301,Jane Miller,32,Female,North,51,Medium,180.18,74.13,43,62,Medium,123.67,301
302,Laura Martinez,58,Male,East,55,Low,192.48,160.74,81,70,Medium,79.34,302
303,Mike Williams,20,Male,East,25,Medium,174.24,146.08,67,2,High,128.02,303
304,Robert Miller,47,Female,North,33,Low,51.47,160.51,12,22,Low,40.48,304
305,Laura Garcia,46,Female,Central,98,Low,39.46,83.21,22,8,Medium,130.8,305
306,John Garcia,44,Male,South,76,Low,102.22,197.86,12,64,Low,162.13,306
307,Jane Smith,23,Male,Central,29,Low,34.64,63.23,88,71,Medium,33.89,307
308,Laura Martinez,62,Female,East,42,Low,41.18,172.39,3,40,High,124.96,308
309,Chris Martinez,45,Male,Central,1,Low,71.28,60.77,66,23,Medium,108.76,309
310,Mike Brown,26,Male,Central,39,Low,164.4,158.96,3,52,Medium,189.26,310
311,Mike Williams,29,Female,North,73,Low,152.89,143.64,21,20,Low,141.0,311
312,Sarah Martinez,23,Male,North,72,High,57.38,89.49,79,74,High,132.43,312
313,Katie Smith,48,Female,West,92,Low,94.27,151.76,45,18,Low,108.21,313
314,John Martinez,42,Female,East,61,Low,97.4,62.35,98,53,Medium,26.31,314
315,David Davis,54,Female,West,40,High,44.32,162.94,47,22,Medium,83.37,315
316,Chris Smith,43,Female,Central,15,Low,162.08,116.75,20,88,Medium,114.92,316
317,Robert Davis,28,Female,North,75,High,81.07,155.98,95,63,High,82.94,317
318,Jane Miller,59,Male,Central,40,High,69.0,139.91,60,8,Medium,86.99,318
319,Jane Davis,63,Male,Central,71,High,148.45,166.49,48,32,Low,139.23,319
320,Robert Miller,69,Male,West,16,Low,103.96,19.47,21,20,High,190.89,320
321,Sarah Martinez,22,Male,North,31,High,60.87,170.76,65,88,Medium,72.79,321
322,Robert Williams,48,Female,West,94,Medium,199.79,21.53,84,52,Medium,197.2,322
323,Laura Smith,27,Male,West,66,High,187.71,13.81,84,60,High,74.03,323
324,David Jones,60,Female,North,12,Low,115.79,118.37,39,51,Low,110.66,324
325,Robert Jones,37,Male,South,35,Low,70.93,50.41,70,58,High,29.63,325
326,Emily Lee,26,Male,North,27,Medium,92.77,155.14,62,32,Medium,178.22,326
327,Chris Garcia,58,Female,South,92,Low,183.28,80.87,21,90,Low,124.11,327
328,Chris Lee,36,Female,Central,87,High,15.12,138.3,77,1,High,145.62,328
329,Robert Jones,44,Female,South,65,Medium,89.52,144.53,45,55,High,11.9,329
330,Jane Johnson,40,Female,Central,95,High,62.33,173.5,85,63,High,159.7,330
331,Sarah Williams,44,Female,Central,33,Low,26.02,69.38,40,47,Medium,193.12,331
332,Laura Williams,34,Male,North,59,Medium,74.4,132.62,80,76,High,23.99,332
333,Emily Smith,75,Male,West,13,Medium,161.18,106.91,19,68,Low,122.35,333
334,Robert Smith,21,Female,East,9,High,76.41,70.17,72,35,High,12.33,334
335,David Lee,48,Male,South,17,High,22.15,130.61,100,39,High,44.84,335
336,Chris Smith,42,Female,East,73,Medium,91.51,151.61,83,68,Medium,153.32,336
337,Jane Brown,63,Female,South,5,Low,109.0,105.17,51,60,High,24.63,337
338,John Williams,36,Female,East,48,Medium,148.16,81.75,87,9,Medium,145.05,338
339,Laura Lee,20,Female,West,51,High,145.82,105.88,24,15,Medium,176.9,339
340,John Garcia,68,Female,West,41,Low,80.96,64.72,23,97,Medium,17.83,340
341,Robert Williams,45,Male,West,100,Medium,110.52,48.88,91,27,High,165.81,341
342,Robert Lee,59,Female,West,45,High,182.75,160.73,23,95,Medium,155.09,342
343,Laura Jones,18,Female,North,96,Low,141.52,148.45,94,46,High,13.63,343
344,Laura Jones,44,Female,Central,78,Medium,86.45,164.9,40,32,Low,192.62,344
345,Chris Johnson,32,Male,Central,30,High,46.26,178.34,71,44,Medium,25.38,345
346,Laura Brown,18,Female,East,70,Medium,73.42,191.31,34,18,High,37.22,346
347,John Johnson,52,Male,West,100,High,167.37,143.43,38,85,Low,194.33,347
348,Chris Jones,53,Male,Central,72,High,22.19,106.56,28,53,Medium,177.42,348
349,Katie Lee,40,Male,North,69,High,15.55,43.45,52,8,Low,125.2,349
350,Jane Garcia,31,Male,West,8,Low,106.55,178.04,72,12,Low,94.39,350
351,Jane Brown,67,Female,North,6,Medium,84.94,151.5,86,16,Medium,74.38,351
352,Mike Smith,72,Female,South,60,Low,82.06,126.3,81,4,Medium,190.28,352
353,John Davis,20,Female,North,51,High,49.03,100.92,60,63,Low,85.4,353
354,David Smith,31,Female,North,97,Medium,145.2,165.98,63,32,Medium,35.46,354
355,Robert Miller,21,Male,Central,14,High,44.11,154.87,51,72,High,53.06,355
356,Sarah Davis,55,Male,West,99,Medium,133.11,156.48,54,90,Medium,193.24,356
357,Laura Martinez,57,Male,North,88,Medium,43.46,146.96,60,91,Low,142.76,357
358,Emily Martinez,35,Male,East,40,High,87.2,142.3,58,72,Low,21.72,358
359,David Jones,22,Female,East,33,Low,162.71,11.33,18,42,Medium,28.03,359
360,Robert Brown,56,Female,South,77,High,122.1,198.5,2,93,High,23.99,360
361,Laura Davis,64,Male,North,70,Low,10.2,13.02,5,49,Low,158.48,361
362,Chris Lee,26,Female,South,60,Low,128.74,18.68,2,22,Medium,87.15,362
363,Laura Johnson,25,Female,Central,78,High,68.76,44.82,34,41,High,62.96,363
364,Katie Martinez,71,Male,South,31,Medium,74.9,62.5,31,49,Medium,44.24,364
365,David Williams,37,Male,Central,82,Medium,154.99,42.14,94,87,Medium,113.76,365
366,John Martinez,56,Female,North,57,High,44.12,39.76,43,50,Medium,15.01,366
367,Mike Davis,52,Female,Central,69,Low,148.02,194.44,66,21,Low,139.27,367
368,Emily Lee,69,Male,East,78,High,135.11,172.61,99,59,High,107.86,368
369,Laura Johnson,70,Male,Central,73,Medium,161.11,145.17,76,59,Low,84.25,369
370,Laura Smith,66,Male,North,57,Medium,135.9,21.21,85,59,Medium,147.05,370
371,Sarah Lee,72,Male,Central,61,Low,32.89,112.16,36,5,Low,182.54,371
372,David Lee,47,Female,West,15,Low,67.84,68.48,18,3,Medium,79.35,372
373,Jane Lee,46,Female,East,67,Low,182.91,17.09,3,62,Medium,108.3,373
374,Jane Garcia,37,Female,East,13,Low,99.67,60.9,67,70,Low,34.94,374
375,Jane Martinez,65,Male,West,38,Low,76.92,71.89,35,30,Low,72.73,375
376,John Lee,57,Female,West,81,High,97.03,188.89,32,96,High,149.23,376
377,Katie Johnson,62,Male,Central,86,Low,103.84,195.08,43,60,High,172.24,377
378,Chris Martinez,39,Male,West,33,Medium,53.03,142.59,77,19,Medium,79.33,378
379,Laura Williams,20,Female,East,66,High,185.44,82.48,74,51,Low,144.35,379
380,Chris Smith,55,Male,South,55,High,51.44,137.6,59,98,Medium,170.61,380
381,John Brown,20,Female,North,75,Low,89.41,56.97,4,59,Medium,186.22,381
382,Emily Johnson,48,Female,West,62,Low,101.12,100.22,66,4,Low,158.21,382
383,Chris Smith,32,Male,West,25,High,171.37,25.55,54,19,Medium,51.52,383
384,Laura Johnson,66,Male,East,18,Medium,197.1,131.08,56,34,Low,119.94,384
385,David Miller,75,Male,East,49,Low,80.78,161.74,13,91,High,94.65,385
386,Mike Smith,36,Male,North,91,Low,128.53,72.63,20,14,Medium,103.35,386
387,Robert Brown,43,Male,West,94,High,148.14,109.86,31,82,Medium,146.06,387
388,Laura Williams,38,Female,North,30,Medium,27.9,131.51,96,80,Medium,185.23,388
389,Sarah Jones,72,Female,West,33,High,130.5,24.26,53,2,Medium,187.02,389
390,Laura Davis,67,Male,East,90,High,147.71,80.67,97,70,Low,108.42,390
391,Emily Garcia,55,Female,North,21,Low,48.34,198.06,74,23,Low,41.17,391
392,Sarah Brown,26,Male,East,49,Medium,76.32,99.38,74,36,Low,159.01,392
393,Robert Davis,60,Female,West,4,Medium,147.72,194.78,52,13,Low,109.28,393
394,Jane Garcia,35,Male,Central,95,High,92.04,56.55,30,75,Low,17.99,394
395,Chris Jones,35,Male,West,31,High,47.82,162.55,22,76,Medium,58.48,395
396,Sarah Williams,18,Female,North,49,High,197.93,66.14,6,23,Medium,15.55,396
397,David Jones,62,Male,South,71,Medium,198.22,38.76,74,6,High,196.83,397
398,Chris Martinez,28,Male,South,56,High,131.34,178.66,57,76,Medium,196.44,398
399,Mike Miller,74,Female,South,38,Low,174.2,187.89,2,82,Medium,188.98,399
400,David Lee,37,Female,East,51,Low,42.21,170.66,82,85,Low,181.84,400
401,Sarah Williams,38,Female,Central,80,Medium,40.19,166.04,43,99,Low,135.23,401
402,Chris Lee,62,Female,North,10,Medium,149.4,80.46,63,20,Medium,197.31,402
403,Sarah Miller,44,Male,Central,42,Low,14.9,21.44,65,81,Medium,183.24,403
404,Katie Lee,20,Female,Central,2,Low,14.62,69.38,47,26,High,81.3,404
405,David Martinez,45,Female,North,15,Medium,108.53,79.65,61,11,High,196.83,405
406,Emily Lee,68,Male,South,90,Low,173.95,21.55,90,44,Medium,197.41,406
407,Sarah Miller,63,Male,South,35,Medium,91.92,150.07,9,96,High,21.19,407
408,Robert Smith,29,Female,East,57,Low,147.98,76.52,49,18,High,95.47,408
409,Laura Jones,33,Female,South,13,Low,65.78,27.84,96,83,High,141.7,409
410,Emily Davis,26,Female,North,67,Low,139.88,155.21,89,8,High,121.12,410
411,Sarah Smith,23,Male,West,2,Medium,198.95,16.61,73,33,High,29.53,411
412,Jane Jones,30,Male,East,50,Low,107.02,187.08,78,31,Medium,40.48,412
413,Robert Williams,69,Female,North,96,High,25.08,196.36,45,55,High,58.58,413
414,Emily Garcia,27,Male,North,71,Medium,82.6,36.71,18,4,Low,77.28,414
415,Chris Davis,68,Male,West,32,Low,107.97,146.32,34,32,High,40.42,415
416,Chris Brown,21,Female,South,58,Medium,11.08,29.19,47,28,Medium,117.74,416
417,Robert Williams,30,Male,Central,22,High,67.71,127.66,81,21,High,191.12,417
418,Chris Jones,48,Female,West,70,Low,89.82,25.27,25,64,Medium,81.09,418
419,Emily Lee,46,Male,South,8,Medium,62.29,15.62,35,74,Low,145.43,419
420,Chris Lee,71,Male,Central,81,Medium,82.64,128.79,64,93,Low,129.84,420
421,Chris Jones,37,Male,West,90,High,32.1,59.77,84,37,Low,118.71,421
422,David Williams,22,Male,North,60,Medium,89.35,31.0,82,25,Medium,192.01,422
423,David Martinez,63,Male,Central,24,Medium,147.1,182.74,6,57,Medium,84.96,423
424,Katie Garcia,44,Female,West,71,High,40.85,151.6,83,52,High,13.76,424
425,David Miller,45,Male,South,8,Low,23.79,156.11,82,32,High,12.45,425
426,David Martinez,72,Female,East,40,Low,113.08,62.73,44,90,Low,128.53,426
427,Laura Williams,58,Male,North,99,High,25.78,70.64,76,83,Low,61.51,427
428,John Lee,38,Female,West,20,Medium,145.18,137.18,72,45,Medium,66.41,428
429,David Johnson,38,Male,South,40,Medium,27.48,14.06,47,80,High,101.35,429
430,Laura Williams,25,Female,North,67,Medium,59.71,116.44,31,38,Medium,37.65,430
431,Chris Martinez,62,Male,Central,56,Medium,132.89,109.08,86,57,High,158.73,431
432,Chris Jones,32,Male,Central,2,High,175.59,182.47,91,58,Low,194.8,432
433,Katie Martinez,75,Male,South,53,Low,38.49,156.82,94,26,Low,179.15,433
434,Mike Jones,69,Female,North,38,Medium,113.59,30.2,16,76,Medium,47.18,434
435,David Brown,75,Male,South,70,Medium,45.38,128.87,7,29,Low,58.34,435
436,Mike Lee,53,Male,Central,92,Medium,38.45,74.79,27,39,High,77.8,436
437,Laura Jones,73,Male,Central,21,Medium,149.09,10.24,98,88,Low,124.92,437
438,Katie Williams,19,Male,Central,56,Medium,160.75,50.51,26,52,High,129.24,438
439,John Johnson,35,Male,East,10,Low,109.5,162.18,36,63,Low,40.77,439
440,Mike Garcia,30,Female,North,73,Medium,142.91,76.47,4,42,High,145.58,440
441,Chris Miller,63,Female,East,46,Medium,96.42,111.38,57,38,High,173.18,441
442,Emily Brown,28,Female,East,55,Medium,60.53,26.32,53,70,High,48.78,442
443,Chris Martinez,32,Male,North,54,Low,31.86,85.52,80,43,Medium,88.73,443
444,Robert Lee,62,Male,East,31,High,123.26,48.64,97,61,High,130.68,444
445,Laura Jones,54,Male,Central,93,High,51.85,149.33,22,48,Low,29.98,445
446,Emily Jones,20,Male,Central,97,High,111.99,130.92,86,79,Medium,39.58,446
447,Robert Jones,63,Female,Central,62,Low,123.01,76.73,52,62,Low,14.93,447
448,Robert Martinez,41,Male,North,18,High,46.94,87.92,67,49,Low,194.24,448
449,Emily Brown,30,Female,South,11,Medium,35.31,114.75,79,91,Low,74.42,449
450,Laura Smith,34,Female,West,42,High,143.34,107.76,91,1,Low,172.8,450
451,Mike Jones,39,Male,South,22,Medium,13.78,50.73,88,16,Medium,166.48,451
452,Katie Jones,68,Male,North,73,Low,128.75,19.87,95,95,Low,107.02,452
453,John Lee,23,Female,North,81,High,114.54,11.79,19,84,Low,51.78,453
454,Robert Johnson,75,Female,Central,59,Medium,188.01,79.79,2,20,Medium,170.01,454
455,John Martinez,74,Male,North,96,Medium,166.64,70.38,38,57,Medium,90.51,455
456,Katie Williams,44,Female,South,40,Medium,14.1,15.32,73,34,High,91.11,456
457,Mike Miller,28,Female,North,14,Low,191.69,125.95,36,87,Medium,150.04,457
458,Katie Lee,55,Male,Central,20,High,77.06,196.62,36,97,Low,86.51,458
459,Laura Jones,48,Male,West,39,Medium,148.12,156.25,78,25,High,184.04,459
460,Laura Martinez,29,Female,West,70,Low,153.8,150.21,45,100,Medium,167.38,460
461,Jane Jones,33,Male,North,76,Medium,110.09,135.55,79,17,Low,17.42,461
462,Sarah Lee,26,Female,North,22,Low,125.39,140.28,64,55,Medium,140.78,462
463,Emily Miller,29,Male,South,100,High,193.53,94.01,51,65,Medium,128.58,463
464,Chris Davis,38,Female,East,16,Low,174.57,186.6,3,46,High,135.96,464
465,John Martinez,71,Female,West,35,Low,79.28,198.53,27,66,Low,108.58,465
466,Chris Smith,29,Female,Central,17,Medium,182.38,157.48,73,58,Low,89.37,466
467,Mike Brown,34,Male,East,5,High,123.59,122.76,20,54,High,28.76,467
468,Mike Davis,58,Male,West,96,High,171.86,100.28,31,84,High,106.69,468
469,John Miller,46,Female,West,48,Medium,122.8,34.99,81,80,Medium,113.48,469
470,David Martinez,53,Male,North,16,Low,41.59,197.46,88,48,High,115.31,470
471,Jane Martinez,63,Female,South,17,High,105.09,83.29,11,40,Low,152.86,471
472,David Smith,32,Female,East,95,Medium,45.57,92.43,91,64,Medium,126.92,472
473,Sarah Jones,62,Female,East,61,High,34.37,63.68,30,7,Low,194.5,473
474,Chris Brown,19,Female,Central,82,Medium,180.97,140.69,94,79,Medium,10.1,474
475,Katie Johnson,75,Male,West,20,Low,137.19,91.19,3,14,High,110.7,475
476,Jane Lee,20,Male,North,10,Low,157.1,26.94,73,19,Low,74.3,476
477,Mike Davis,46,Female,Central,35,High,124.44,169.35,37,25,High,96.33,477
478,David Lee,19,Male,West,75,Medium,143.15,64.21,5,22,Medium,44.64,478
479,Robert Jones,18,Male,South,99,Low,129.68,38.76,3,14,Low,63.66,479
480,Mike Jones,31,Male,East,1,Medium,36.72,59.17,89,54,Medium,61.01,480
481,Chris Lee,67,Male,South,39,Low,178.31,21.95,91,86,Low,105.3,481
482,Katie Brown,49,Male,North,29,High,142.17,148.58,87,57,Low,114.57,482
483,John Martinez,64,Female,South,86,Medium,120.37,101.19,85,11,Low,163.17,483
484,Sarah Johnson,36,Male,Central,67,High,123.46,183.11,39,98,High,55.26,484
485,David Davis,42,Male,North,20,Low,160.88,104.21,10,1,Medium,169.23,485
486,Robert Brown,26,Female,South,30,Low,101.99,58.79,61,67,Low,150.25,486
487,Laura Lee,20,Male,Central,93,Low,48.83,160.39,91,82,Low,74.75,487
488,Jane Brown,43,Male,West,19,High,28.97,136.85,1,10,High,73.79,488
489,Mike Garcia,51,Female,South,96,High,137.71,150.25,43,60,Medium,102.73,489
490,Katie Davis,54,Male,Central,69,High,89.58,181.56,85,27,Medium,158.8,490
491,Katie Williams,24,Male,South,95,Medium,77.29,121.35,67,5,High,10.22,491
492,Katie Miller,53,Male,West,5,Medium,62.18,28.73,87,82,Low,185.87,492
493,Jane Smith,56,Female,North,27,Low,158.59,100.06,87,78,Medium,102.78,493
494,Robert Miller,50,Female,North,71,Low,60.92,53.94,22,96,High,29.51,494
495,Mike Miller,26,Male,South,56,Low,94.28,130.14,91,80,Low,24.87,495
496,David Miller,57,Female,East,99,High,18.21,37.48,64,25,Low,73.51,496
497,Robert Smith,44,Female,South,79,Medium,51.91,169.51,4,54,Low,177.65,497
498,David Smith,47,Male,East,91,Low,149.9,45.09,84,7,High,130.82,498
499,Mike Johnson,35,Male,South,71,High,36.13,181.16,75,100,High,18.56,499
500,Jane Williams,35,Female,South,70,High,146.3,120.24,1,3,Low,98.78,500
501,Jane Davis,52,Female,Central,65,Medium,34.79,101.32,45,16,Low,192.1,501
502,Katie Miller,64,Female,South,55,High,105.46,26.58,55,8,Low,122.34,502
503,Emily Smith,47,Female,West,48,Low,100.71,111.95,84,73,Medium,102.71,503
504,Robert Martinez,58,Female,North,6,Low,36.88,64.44,27,21,Medium,194.67,504
505,Katie Jones,51,Female,West,57,Low,61.34,56.14,55,40,High,122.17,505
506,Jane Davis,75,Female,West,80,Medium,181.64,97.46,31,29,Medium,26.45,506
507,David Smith,56,Female,East,27,Medium,165.36,82.04,76,49,Medium,171.14,507
508,Emily Williams,60,Male,West,94,High,158.39,86.1,69,91,High,187.09,508
509,Laura Brown,37,Female,Central,78,Low,166.28,171.06,53,82,Medium,100.12,509
510,Chris Lee,68,Female,East,83,Low,38.09,159.96,34,83,Low,39.3,510
511,David Brown,36,Female,West,83,Medium,78.46,101.72,18,83,Medium,195.28,511
512,Jane Lee,41,Male,South,52,Low,144.98,20.45,97,29,Medium,36.37,512
513,Robert Garcia,60,Male,South,43,Medium,140.05,55.59,5,32,Medium,96.85,513
514,Sarah Garcia,29,Male,Central,81,High,29.19,65.22,72,95,Medium,183.21,514
515,Sarah Johnson,70,Male,East,53,Low,88.99,154.49,82,56,Medium,135.9,515
516,Chris Jones,45,Female,North,100,High,145.54,121.68,12,96,High,156.83,516
517,Chris Williams,74,Female,West,29,Medium,190.83,190.11,59,4,High,64.44,517
518,Katie Johnson,27,Male,South,65,Medium,182.0,24.39,19,85,Low,132.86,518
519,Laura Williams,22,Male,South,73,Low,46.56,195.44,35,25,Low,99.66,519
520,Emily Lee,40,Female,East,39,High,184.01,76.45,61,47,Medium,79.04,520
521,Laura Miller,54,Female,South,84,High,134.13,96.03,81,80,High,130.09,521
522,Laura Martinez,69,Female,East,99,High,155.24,18.96,63,15,High,163.75,522
523,Mike Jones,65,Female,East,77,High,30.81,23.26,40,89,High,25.27,523
524,Jane Jones,25,Male,North,48,High,62.64,119.07,90,60,High,111.66,524
525,John Martinez,36,Male,North,26,Low,123.09,109.31,27,77,Low,102.42,525
526,Jane Johnson,61,Male,Central,48,High,42.5,147.65,1,34,Medium,75.85,526
527,David Smith,52,Male,East,86,Low,164.72,85.0,80,53,Medium,82.99,527
528,Chris Garcia,70,Female,South,36,Low,193.75,193.61,4,46,Low,138.2,528
529,Laura Davis,44,Female,East,84,Medium,51.43,35.04,89,28,Low,17.16,529
530,Chris Martinez,72,Female,West,49,Medium,91.32,191.2,24,80,High,167.24,530
531,Mike Martinez,19,Male,Central,56,High,196.04,33.94,76,30,Medium,51.37,531
532,Emily Davis,62,Male,South,65,Medium,146.04,113.62,2,60,Low,148.36,532
533,Chris Brown,38,Male,West,2,High,196.49,162.18,59,33,Low,181.7,533
534,Sarah Garcia,40,Female,East,92,Medium,79.24,128.21,58,10,Medium,24.04,534
535,Robert Martinez,22,Male,South,26,Low,59.6,100.8,73,36,Medium,131.25,535
536,John Brown,20,Female,Central,72,Low,186.41,89.99,36,87,Low,90.96,536
537,Chris Martinez,41,Female,South,88,Medium,173.05,154.17,19,52,Medium,121.77,537
538,Chris Brown,65,Male,West,46,Medium,20.93,37.67,45,61,High,15.47,538
539,Katie Smith,20,Female,East,50,High,157.15,26.9,7,59,Low,22.3,539
540,Jane Lee,60,Male,North,92,Medium,174.8,91.02,53,51,Low,76.59,540
541,Katie Lee,34,Female,East,26,High,61.33,21.82,48,80,Low,62.66,541
542,John Garcia,60,Male,Central,12,Medium,189.95,40.5,30,10,Medium,86.13,542
543,Mike Garcia,38,Male,East,69,High,152.51,167.77,57,36,Low,22.62,543
544,David Lee,21,Male,Central,51,Medium,156.01,20.96,42,43,Low,144.72,544
545,Emily Brown,44,Male,South,49,High,169.94,142.42,2,87,Low,46.38,545
546,Laura Smith,59,Male,North,93,Medium,148.23,89.63,2,55,Medium,79.91,546
547,David Williams,49,Male,Central,32,High,40.72,133.51,89,29,Low,182.53,547
548,Jane Williams,59,Female,West,100,Medium,134.21,97.61,91,61,Low,116.11,548
549,David Johnson,51,Female,East,49,Medium,110.77,195.66,53,55,High,123.25,549
550,Jane Jones,38,Female,North,25,Medium,153.48,176.82,90,56,Low,94.05,550
551,Emily Davis,26,Female,North,31,Low,182.38,47.52,90,65,High,136.77,551
552,David Davis,65,Male,Central,71,Medium,153.21,73.86,85,23,Medium,175.91,552
553,Emily Brown,63,Male,North,49,Medium,162.89,76.02,27,89,Medium,159.13,553
554,John Lee,28,Male,North,17,High,87.12,131.55,74,65,High,100.9,554
555,John Davis,24,Female,South,18,Medium,172.76,79.66,96,71,High,125.81,555
556,Laura Miller,27,Female,West,16,Medium,83.65,69.49,66,18,High,58.33,556
557,Chris Lee,55,Female,North,95,Medium,139.98,77.62,75,58,High,16.08,557
558,Chris Jones,49,Female,South,8,Low,137.2,44.93,17,61,Medium,137.81,558
559,Katie Miller,36,Male,Central,26,High,175.2,144.39,56,47,High,58.34,559
560,Jane Lee,41,Female,South,8,High,79.26,109.94,44,39,Low,137.1,560
561,David Williams,35,Female,South,19,High,154.93,157.92,50,42,Medium,94.82,561
562,Sarah Garcia,64,Female,East,50,Medium,39.42,108.12,46,11,High,115.3,562
563,Emily Miller,30,Male,Central,47,Medium,168.09,184.99,57,52,Low,128.57,563
564,Laura Miller,32,Male,West,21,Medium,26.01,185.86,19,89,High,188.23,564
565,Sarah Davis,49,Male,South,47,Medium,91.65,69.92,87,79,Medium,69.23,565
566,Katie Jones,60,Female,West,50,High,131.54,39.51,68,67,High,113.46,566
567,John Jones,64,Male,East,79,Medium,188.04,92.06,21,39,Low,171.84,567
568,Robert Smith,41,Female,Central,24,High,104.84,129.42,62,16,High,174.07,568
569,Sarah Smith,34,Female,Central,9,High,120.39,81.12,28,62,Low,98.28,569
570,John Martinez,72,Female,North,73,High,46.29,57.69,39,41,High,47.6,570
571,Chris Williams,28,Female,Central,90,High,132.59,65.95,71,43,High,73.13,571
572,John Jones,35,Male,North,42,Medium,71.44,83.66,32,78,Medium,135.66,572
573,Robert Davis,67,Male,South,16,Medium,129.47,92.35,17,11,Low,134.8,573
574,Jane Williams,62,Male,West,38,Low,58.17,170.29,99,85,High,38.24,574
575,Chris Brown,61,Male,Central,30,Medium,114.33,197.07,1,53,Medium,26.15,575
576,Laura Brown,56,Male,Central,28,Medium,60.15,50.1,61,30,High,168.31,576
577,Emily Smith,49,Female,South,69,Medium,189.0,115.91,56,85,Medium,188.67,577
578,Robert Garcia,47,Male,East,4,Medium,175.82,108.82,58,56,Low,191.9,578
579,Sarah Miller,37,Male,West,20,High,192.94,112.53,80,100,Low,44.08,579
580,Emily Brown,59,Female,West,26,High,122.79,63.01,56,57,Medium,87.77,580
581,Chris Davis,54,Female,North,26,High,63.7,188.87,57,7,High,10.4,581
582,Laura Williams,66,Male,East,70,Medium,167.69,66.2,89,76,Low,86.34,582
583,Jane Martinez,28,Male,East,3,High,41.5,188.79,29,25,High,140.81,583
584,Robert Davis,27,Male,South,31,Medium,17.17,112.75,11,16,High,190.6,584
585,Mike Martinez,62,Female,North,18,Low,89.15,150.46,82,34,High,121.23,585
586,David Miller,37,Female,Central,72,Medium,55.65,184.42,60,96,Medium,43.1,586
587,Mike Smith,74,Female,South,82,Medium,18.31,171.96,48,72,Low,74.64,587
588,John Davis,35,Female,East,46,Low,73.8,12.15,81,58,Low,143.12,588
589,Emily Miller,22,Female,East,47,High,15.19,115.72,79,69,Medium,128.05,589
590,Laura Martinez,54,Male,East,29,High,190.69,35.74,34,56,Low,81.82,590
591,Sarah Garcia,50,Male,East,48,Low,159.67,124.72,54,10,Low,101.5,591
592,Mike Miller,38,Male,North,69,High,37.73,36.83,25,91,Low,71.84,592
593,Sarah Jones,54,Female,West,97,Low,32.71,123.45,47,40,Low,58.05,593
594,Mike Martinez,44,Female,Central,42,High,99.27,154.91,82,93,High,29.7,594
595,John Martinez,69,Male,East,49,Medium,57.39,63.81,71,40,Low,183.7,595
596,Chris Williams,65,Female,North,69,Low,33.55,61.82,44,69,Low,128.33,596
597,Emily Brown,32,Male,South,91,High,79.38,167.49,24,22,High,165.92,597
598,Mike Garcia,19,Female,West,1,Medium,109.25,104.14,10,36,High,111.87,598
599,Laura Martinez,39,Male,East,73,High,53.63,197.77,9,95,Medium,138.99,599
600,Mike Martinez,22,Male,North,57,High,134.77,170.33,100,24,Medium,196.9,600
601,Sarah Martinez,29,Female,South,90,High,183.56,19.83,46,51,High,120.25,601
602,Chris Jones,27,Female,Central,6,High,18.53,164.98,18,89,High,81.36,602
603,Robert Davis,71,Male,South,74,Low,81.07,80.56,78,44,Medium,135.23,603
604,Mike Jones,43,Female,South,19,High,92.91,38.39,35,16,High,102.78,604
605,David Johnson,36,Male,West,2,Low,194.63,183.03,35,9,Medium,60.62,605
606,Robert Smith,49,Female,North,65,High,79.89,197.48,83,2,Low,174.06,606
607,Robert Brown,68,Female,West,9,Low,174.31,73.71,79,98,High,18.46,607
608,John Williams,20,Male,West,7,Low,145.87,99.99,76,25,High,186.09,608
609,Katie Garcia,24,Female,South,99,Medium,57.92,63.18,20,24,High,150.05,609
610,Mike Johnson,63,Male,West,78,Low,151.6,15.56,29,36,High,67.01,610
611,Chris Jones,26,Female,West,17,Medium,134.26,79.31,8,27,High,97.87,611
612,Chris Martinez,35,Female,South,98,High,52.66,111.6,77,95,High,106.31,612
613,Sarah Garcia,37,Male,Central,57,High,106.43,90.72,10,86,High,142.55,613
614,Sarah Johnson,23,Male,South,15,High,186.42,124.08,34,51,High,65.17,614
615,Jane Miller,37,Female,North,92,Low,174.09,172.83,81,44,High,99.8,615
616,Laura Johnson,25,Female,West,2,High,163.67,106.84,63,94,High,195.73,616
617,Laura Jones,21,Female,South,78,High,181.49,57.28,7,42,Low,90.67,617
618,John Lee,47,Male,South,9,High,149.1,183.36,74,25,Medium,50.83,618
619,Katie Garcia,54,Male,North,9,Low,121.77,48.3,95,8,Medium,74.75,619
620,John Miller,70,Female,South,23,High,32.45,167.59,67,4,Low,162.96,620
621,Katie Johnson,25,Male,Central,45,High,36.44,142.1,86,12,Low,139.43,621
622,Robert Johnson,44,Male,North,98,High,109.73,108.71,49,51,Medium,31.4,622
623,John Jones,67,Male,Central,23,Medium,124.66,11.33,31,82,Low,97.77,623
624,Emily Brown,49,Female,Central,14,High,30.84,164.48,19,76,High,119.18,624
625,John Smith,60,Female,North,97,Low,82.35,60.8,51,72,High,57.28,625
626,Sarah Smith,22,Female,East,9,Medium,41.17,23.2,13,53,High,177.18,626
627,Chris Brown,40,Female,South,19,Low,164.37,119.33,30,1,Low,68.27,627
628,Robert Garcia,29,Male,North,61,Low,178.96,102.39,2,52,Low,18.0,628
629,Laura Johnson,60,Male,East,34,High,176.24,139.26,50,46,Medium,190.74,629
630,Robert Miller,56,Male,Central,56,Low,62.45,98.75,34,8,High,35.5,630
631,Robert Davis,32,Female,North,13,Low,44.0,185.56,86,18,Medium,141.75,631
632,Mike Johnson,20,Female,Central,57,Low,61.2,82.68,77,98,High,90.65,632
633,Emily Brown,36,Female,East,38,Medium,20.02,178.76,19,37,High,159.85,633
634,Robert Brown,40,Female,Central,46,High,102.36,99.64,62,42,High,139.65,634
635,Mike Johnson,68,Male,Central,62,High,188.16,140.87,74,37,Medium,162.26,635
636,David Garcia,57,Male,South,31,Medium,71.9,83.18,45,23,Low,177.7,636
637,John Martinez,61,Female,West,48,High,91.12,38.82,35,71,Medium,152.05,637
638,John Johnson,41,Female,West,57,Medium,34.75,136.89,14,22,Medium,89.42,638
639,Jane Brown,67,Male,South,56,Low,84.5,170.14,57,88,High,39.26,639
640,Katie Martinez,31,Female,West,14,High,93.98,103.45,85,23,Low,85.44,640
641,Chris Martinez,40,Male,West,18,Medium,69.23,57.81,86,74,Low,142.49,641
642,Katie Johnson,42,Male,West,72,Medium,109.63,36.04,38,4,High,45.97,642
643,Robert Smith,30,Female,East,10,Medium,192.78,121.05,28,70,Low,131.51,643
644,Chris Miller,68,Female,Central,97,High,185.05,47.87,27,32,High,153.74,644
645,Laura Miller,67,Female,North,89,High,150.87,109.64,78,82,Medium,63.75,645
646,John Garcia,23,Male,East,15,Medium,143.28,141.87,53,65,Low,35.55,646
647,David Smith,24,Male,East,62,High,146.06,11.25,28,56,High,186.13,647
648,Jane Williams,48,Male,South,1,High,26.41,172.19,26,54,Low,172.36,648
649,Laura Miller,41,Male,East,11,Low,157.33,19.11,9,66,Medium,100.64,649
650,Katie Brown,22,Female,South,3,Low,119.41,185.25,16,92,Medium,72.78,650
651,Robert Martinez,22,Female,East,71,Low,99.51,178.56,53,27,Low,60.19,651
652,Jane Miller,63,Female,West,34,Low,51.02,193.43,4,97,High,72.28,652
653,Sarah Martinez,59,Female,South,60,High,154.35,70.99,23,81,High,163.82,653
654,Sarah Williams,48,Male,East,85,High,187.97,148.9,80,80,Medium,141.72,654
655,Chris Martinez,25,Male,East,78,Low,55.22,33.08,54,93,High,164.3,655
656,Jane Smith,70,Female,Central,25,Low,100.94,29.29,40,93,Low,157.47,656
657,Robert Martinez,53,Female,East,73,High,61.17,169.8,8,53,Medium,114.39,657
658,Katie Brown,32,Female,South,29,High,192.64,13.67,1,96,High,90.4,658
659,John Brown,31,Female,West,39,High,182.25,70.51,82,7,Medium,27.38,659
660,Katie Davis,40,Female,West,28,High,184.84,59.08,39,2,Low,174.89,660
661,David Lee,32,Male,East,36,Low,158.82,40.72,89,88,Low,87.11,661
662,David Johnson,55,Female,East,70,High,80.75,114.43,28,36,High,154.76,662
663,Emily Johnson,52,Female,East,66,Low,160.25,161.02,91,75,Medium,19.98,663
664,David Williams,70,Female,Central,58,High,147.71,48.06,43,95,High,174.93,664
665,Mike Lee,53,Male,South,91,High,34.64,178.1,99,15,Medium,30.66,665
666,Chris Jones,53,Male,West,35,High,70.15,75.63,16,45,High,85.51,666
667,John Miller,64,Male,South,6,Low,101.17,193.09,98,45,Low,118.24,667
668,Laura Brown,63,Female,West,69,High,89.63,121.72,31,42,High,188.1,668
669,Laura Jones,47,Female,East,78,Low,172.15,35.57,63,77,Low,118.95,669
670,John Miller,27,Male,North,9,Low,50.57,156.74,84,99,Medium,48.36,670
671,Robert Martinez,44,Female,North,19,Low,63.67,196.95,55,45,Low,126.0,671
672,David Miller,44,Male,East,95,Low,115.19,184.69,48,53,Low,147.3,672
673,Emily Williams,38,Female,South,87,Low,111.36,188.82,54,100,Low,91.86,673
674,Laura Brown,72,Male,North,61,High,193.25,101.75,9,33,High,101.13,674
675,Mike Williams,28,Male,West,95,High,118.24,32.51,88,56,High,21.08,675
676,Chris Miller,37,Female,South,30,High,109.12,160.1,20,74,High,55.71,676
677,Emily Smith,56,Female,West,46,Low,29.56,121.72,62,45,Medium,98.59,677
678,Katie Brown,48,Female,South,64,Low,115.7,143.64,85,42,High,58.17,678
679,Mike Lee,43,Male,Central,13,High,25.13,102.68,74,86,Low,85.88,679
680,Emily Garcia,19,Male,North,44,Medium,166.0,92.65,62,42,Low,189.18,680
681,Mike Lee,59,Female,South,34,Medium,107.69,39.24,69,76,Low,101.42,681
682,Laura Davis,54,Female,Central,56,Medium,72.07,79.44,15,10,Low,146.06,682
683,Sarah Martinez,29,Male,South,53,Low,92.28,178.21,52,8,Low,24.04,683
684,Jane Miller,58,Female,West,63,Low,160.52,145.14,49,40,High,166.87,684
685,Mike Garcia,54,Male,North,45,Medium,51.32,56.24,79,70,High,41.86,685
686,Chris Brown,70,Female,North,22,Medium,93.96,156.37,91,26,Low,138.49,686
687,David Lee,69,Male,South,79,High,136.27,109.7,61,92,High,177.27,687
688,John Davis,47,Male,East,37,High,134.67,137.91,99,86,Medium,135.82,688
689,John Smith,44,Male,South,31,Medium,187.77,43.02,37,47,Low,61.39,689
690,Jane Lee,52,Female,East,58,Medium,78.91,38.26,69,4,Low,160.4,690
691,John Lee,73,Female,East,77,Low,167.09,118.59,28,57,Medium,174.7,691
692,Laura Brown,44,Female,Central,32,High,104.94,171.48,35,53,High,109.96,692
693,Mike Garcia,41,Female,East,90,Low,70.93,179.23,70,62,Low,56.85,693
694,John Garcia,42,Male,South,14,Medium,157.28,13.93,15,99,Low,157.13,694
695,Chris Smith,47,Female,East,74,High,40.39,42.83,43,78,High,190.86,695
696,John Davis,57,Male,South,7,High,180.53,122.73,42,95,Low,164.99,696
697,Jane Garcia,24,Female,South,26,High,49.82,108.51,44,7,Medium,188.79,697
698,Emily Williams,34,Male,North,17,Medium,123.73,38.79,53,65,Medium,158.0,698
699,Mike Davis,58,Female,Central,15,Low,181.65,98.45,11,59,High,80.71,699
700,Jane Smith,47,Female,South,95,Medium,112.06,181.85,56,45,Medium,190.41,700
701,Katie Garcia,38,Female,East,29,Low,114.25,195.83,26,87,Medium,112.99,701
702,Robert Martinez,39,Female,Central,45,Medium,62.4,78.78,57,46,High,179.11,702
703,Mike Lee,74,Female,East,12,Medium,147.45,31.68,33,100,Medium,25.76,703
704,Robert Davis,70,Female,Central,72,High,63.88,49.91,84,6,Medium,83.13,704
705,Katie Smith,22,Female,South,67,High,185.41,92.8,55,36,High,123.59,705
706,John Miller,22,Female,East,93,High,149.64,49.03,64,25,High,44.53,706
707,David Williams,24,Male,West,47,Medium,54.42,129.89,51,27,Medium,137.73,707
708,Mike Jones,39,Female,East,55,High,69.56,103.32,95,11,Medium,57.82,708
709,Emily Johnson,69,Male,West,7,Medium,40.07,12.45,13,52,Low,180.65,709
710,David Jones,37,Female,East,91,Low,125.12,168.79,94,16,Low,181.1,710
711,Chris Davis,53,Female,East,89,Low,145.72,101.82,59,99,Medium,110.47,711
712,Sarah Lee,75,Female,Central,81,Low,183.84,155.0,83,33,High,145.99,712
713,John Smith,67,Female,North,76,High,56.84,11.92,98,45,Low,136.34,713
714,Katie Garcia,68,Female,West,12,Medium,48.47,117.7,35,90,High,91.33,714
715,John Garcia,65,Male,East,69,Medium,139.67,61.2,19,83,Medium,90.64,715
716,Jane Miller,50,Male,North,57,Low,105.62,17.66,20,78,High,52.24,716
717,Laura Johnson,71,Male,North,8,Medium,180.09,197.91,73,61,Medium,130.85,717
718,Mike Johnson,63,Male,East,17,Low,133.78,199.21,97,42,Medium,29.47,718
719,Chris Brown,71,Male,East,68,Medium,175.71,12.7,28,31,High,97.53,719
720,Robert Martinez,70,Female,Central,97,Medium,11.53,57.82,12,87,High,108.6,720
721,Laura Jones,24,Female,Central,59,High,26.33,169.04,44,9,Low,91.48,721
722,Mike Davis,64,Male,South,2,High,101.62,125.14,52,75,High,66.48,722
723,Mike Miller,32,Male,South,36,Medium,166.3,16.51,29,5,Low,173.75,723
724,John Smith,34,Female,South,46,Low,113.82,111.1,93,49,Medium,87.86,724
725,Katie Williams,45,Male,South,20,Medium,57.38,47.3,52,46,Medium,39.3,725
726,Jane Garcia,73,Male,Central,9,Low,42.25,50.64,39,76,High,43.2,726
727,Chris Garcia,37,Male,East,15,High,169.26,46.51,50,52,High,105.11,727
728,Robert Williams,42,Female,West,3,High,194.51,86.8,38,31,Medium,91.83,728
729,Mike Smith,38,Female,Central,61,High,196.53,22.22,61,100,Low,46.65,729
730,Sarah Miller,48,Male,North,84,Medium,13.42,81.19,6,68,Medium,146.82,730
731,Robert Lee,72,Male,West,4,Medium,84.72,118.98,74,63,Low,99.78,731
732,Mike Brown,24,Female,West,80,Medium,179.81,14.48,47,20,High,174.04,732
733,Robert Lee,34,Male,East,60,Low,165.79,154.94,29,65,Low,181.17,733
734,Mike Johnson,66,Male,South,10,Low,168.72,57.1,4,81,Low,60.72,734
735,David Williams,65,Male,North,83,High,166.71,59.41,55,92,High,41.25,735
736,Jane Martinez,18,Female,West,4,Low,29.24,94.68,65,22,High,92.44,736
737,Sarah Davis,60,Male,West,77,High,184.7,105.77,53,79,Low,182.95,737
738,David Martinez,70,Male,South,49,Medium,196.08,14.39,13,6,Low,138.9,738
739,Sarah Williams,19,Female,East,17,Medium,41.58,166.16,13,45,Low,66.66,739
740,Emily Jones,70,Male,East,21,Low,160.77,110.09,33,75,Medium,37.25,740
741,Katie Lee,20,Female,West,78,Medium,26.74,59.86,65,42,Low,82.81,741
742,Laura Johnson,20,Female,West,74,Medium,139.63,119.36,90,21,High,143.11,742
743,Robert Brown,66,Male,West,13,High,150.55,81.29,4,77,High,122.31,743
744,Mike Smith,38,Female,East,44,Medium,62.47,89.31,49,16,Medium,97.42,744
745,Robert Lee,31,Female,North,92,Medium,119.97,171.59,35,52,Low,109.51,745
746,Sarah Martinez,51,Male,Central,7,Medium,86.67,21.17,94,94,Medium,127.32,746
747,Laura Martinez,44,Female,Central,55,Medium,134.98,151.93,24,85,Medium,162.82,747
748,Mike Brown,64,Female,Central,94,High,128.59,71.84,11,40,High,40.1,748
749,David Johnson,25,Male,North,12,Medium,164.49,43.41,91,21,Medium,102.69,749
750,Emily Garcia,24,Male,West,99,High,169.74,135.45,14,41,Low,15.53,750
751,John Williams,53,Male,Central,47,Low,193.17,74.74,88,92,Low,144.56,751
752,John Smith,26,Female,South,4,Medium,171.98,161.66,76,17,High,141.0,752
753,Katie Johnson,41,Male,Central,60,Medium,61.98,21.28,91,34,Low,137.66,753
754,John Lee,71,Male,North,58,Medium,129.78,171.61,47,60,High,148.86,754
755,Katie Garcia,64,Female,South,40,Medium,170.04,34.09,91,70,Low,47.22,755
756,Katie Garcia,64,Male,East,58,High,113.79,28.34,60,43,High,105.13,756
757,Chris Johnson,31,Female,East,89,High,73.26,142.26,37,82,High,59.95,757
758,Katie Smith,61,Female,North,56,Medium,174.3,98.27,33,15,Medium,55.23,758
759,Robert Lee,22,Female,North,34,High,195.9,126.71,4,45,Medium,115.89,759
760,Robert Lee,67,Male,Central,77,Low,109.44,179.97,22,23,Medium,135.46,760
761,David Davis,40,Male,North,4,Medium,186.11,72.0,80,68,Medium,93.37,761
762,Laura Jones,60,Male,West,82,Medium,140.85,25.87,68,83,High,186.48,762
763,Laura Lee,57,Female,North,2,Low,187.91,115.61,91,76,Medium,198.49,763
764,Sarah Miller,66,Male,East,60,Medium,194.28,160.24,64,9,Low,163.29,764
765,Laura Lee,75,Female,North,67,Medium,128.81,74.55,16,13,High,44.38,765
766,Mike Martinez,43,Male,South,88,High,51.29,170.97,24,20,Low,93.26,766
767,Katie Miller,37,Female,South,80,Low,109.28,43.61,7,81,Low,141.58,767
768,Robert Davis,41,Female,East,41,High,59.46,66.33,92,74,Low,17.85,768
769,Robert Smith,65,Female,East,89,Medium,16.52,139.91,73,17,Low,66.77,769
770,Katie Johnson,67,Female,Central,100,High,62.52,14.39,9,92,High,108.22,770
771,Laura Davis,18,Female,North,98,Medium,28.85,102.71,35,49,High,183.84,771
772,Robert Jones,35,Female,Central,68,Medium,112.79,121.99,83,60,Low,157.1,772
773,John Jones,53,Female,South,12,High,96.06,20.49,75,18,High,176.13,773
774,Emily Davis,75,Female,South,78,High,154.69,82.37,97,37,High,41.59,774
775,Sarah Johnson,31,Male,North,3,High,66.79,55.53,16,16,Medium,47.81,775
776,David Jones,20,Male,Central,40,Medium,12.85,123.9,43,87,Low,174.52,776
777,Chris Brown,40,Female,South,3,Medium,126.65,171.29,15,37,Medium,166.7,777
778,Mike Johnson,29,Female,East,31,Medium,94.8,195.34,84,96,Medium,41.61,778
779,Emily Jones,39,Male,East,49,Low,79.28,106.6,7,70,Medium,198.29,779
780,Emily Brown,18,Male,North,10,High,26.23,81.67,75,55,Medium,62.61,780
781,Chris Brown,46,Female,North,19,High,96.98,28.32,64,77,High,20.85,781
782,Katie Jones,58,Female,West,77,High,85.52,189.63,49,39,High,182.79,782
783,Mike Martinez,70,Male,West,24,Low,91.47,107.84,39,37,Medium,196.04,783
784,Chris Miller,55,Male,East,39,High,46.15,175.37,5,34,High,161.15,784
785,Katie Jones,20,Male,West,93,High,178.47,186.87,80,16,Medium,124.58,785
786,David Williams,27,Female,East,40,Medium,42.16,172.36,64,60,High,22.22,786
787,David Lee,56,Male,East,87,Low,28.71,94.99,28,87,High,161.51,787
788,Katie Smith,32,Male,South,73,Low,79.88,163.4,6,35,Low,69.08,788
789,Sarah Garcia,62,Female,North,34,Medium,41.3,11.12,24,9,Medium,152.81,789
790,Chris Smith,75,Male,Central,42,High,104.36,75.12,96,21,Medium,63.63,790
791,Chris Brown,38,Female,East,43,Medium,178.89,48.63,88,46,High,51.44,791
792,Robert Jones,47,Female,South,21,Low,192.77,143.87,42,68,High,189.41,792
793,Katie Smith,52,Female,South,51,Medium,128.61,184.65,19,9,Low,55.42,793
794,Mike Miller,67,Male,Central,14,High,84.87,31.47,73,74,High,69.54,794
795,Chris Jones,33,Male,East,24,Low,149.55,128.72,70,22,Low,79.14,795
796,Sarah Lee,61,Female,West,75,High,63.92,80.51,5,62,High,134.24,796
797,John Davis,75,Male,West,45,Medium,51.35,91.59,55,64,Low,183.54,797
798,Jane Smith,74,Female,Central,31,Low,124.22,162.27,71,70,Low,53.04,798
799,Robert Martinez,72,Male,South,28,High,80.33,138.08,85,69,Low,135.31,799
800,Jane Lee,42,Male,South,81,High,112.95,23.09,88,68,Medium,51.06,800
801,David Brown,30,Male,West,40,High,46.98,64.34,48,25,Low,148.34,801
802,Sarah Williams,24,Male,West,55,High,67.05,198.19,50,31,Medium,29.74,802
803,Emily Miller,64,Female,North,50,Medium,167.97,85.84,12,38,Low,19.66,803
804,Laura Martinez,31,Male,South,68,Low,13.83,117.43,96,85,Low,178.36,804
805,Chris Brown,27,Female,South,55,Medium,154.47,195.95,87,71,Medium,99.1,805
806,Mike Martinez,19,Male,East,53,Medium,120.11,80.22,61,18,Low,89.94,806
807,Sarah Davis,48,Female,East,70,High,111.71,116.66,60,38,Low,84.57,807
808,Laura Brown,74,Male,East,25,Medium,13.31,75.15,7,48,Medium,190.54,808
809,Emily Davis,30,Female,East,68,Low,27.71,62.42,32,22,High,111.79,809
810,Jane Brown,59,Female,West,79,Medium,44.17,167.02,36,72,Low,121.49,810
811,David Williams,53,Female,West,24,High,102.27,187.25,5,7,Medium,92.38,811
812,Emily Williams,57,Female,South,66,Low,124.86,56.91,9,51,High,16.13,812
813,Katie Martinez,61,Male,Central,55,Low,177.24,104.32,92,61,Medium,43.79,813
814,Sarah Miller,29,Male,North,17,Low,195.0,93.45,75,94,High,79.93,814
815,David Miller,67,Male,North,4,High,11.87,194.42,63,87,High,158.51,815
816,John Davis,64,Male,West,88,Medium,130.3,153.71,87,94,High,70.67,816
817,David Lee,63,Male,North,77,Medium,106.24,111.84,15,77,High,180.12,817
818,Laura Jones,33,Female,East,91,Low,195.11,69.19,1,13,Medium,184.08,818
819,Sarah Miller,25,Female,West,42,High,134.47,49.85,63,51,Low,123.01,819
820,Emily Lee,60,Female,North,20,High,113.97,150.42,30,24,High,127.08,820
821,Laura Smith,34,Male,Central,44,High,68.56,35.79,71,43,Medium,74.37,821
822,David Brown,24,Male,South,36,Medium,48.14,152.53,88,89,High,95.09,822
823,Mike Garcia,19,Male,West,68,High,194.75,41.2,73,41,Low,57.18,823
824,Sarah Jones,50,Female,West,56,Low,120.97,65.74,89,35,Low,51.5,824
825,Katie Davis,30,Male,South,9,Low,109.73,126.55,100,22,Medium,162.14,825
826,David Jones,27,Male,West,27,Medium,122.31,110.97,81,20,High,22.85,826
827,Katie Davis,50,Female,West,64,Low,158.11,172.58,72,35,Low,130.64,827
828,Sarah Davis,59,Female,West,11,Medium,178.82,46.66,29,1,High,191.63,828
829,Jane Williams,30,Male,South,92,Medium,26.98,155.73,49,59,Low,109.56,829
830,Jane Miller,73,Female,North,11,High,129.82,59.78,87,33,High,48.13,830
831,Jane Davis,49,Male,Central,75,Low,27.45,167.9,35,56,Medium,42.8,831
832,Robert Williams,72,Female,East,9,Medium,125.78,14.3,38,93,High,70.35,832
833,Mike Miller,65,Male,Central,28,High,128.5,79.4,58,96,Low,24.15,833
834,Laura Garcia,69,Female,Central,28,Low,158.74,180.07,29,98,High,149.08,834
835,Chris Johnson,59,Female,South,83,Medium,195.11,31.2,5,34,Low,133.45,835
836,John Martinez,23,Female,West,84,Low,88.14,117.09,3,26,Medium,32.06,836
837,Emily Garcia,49,Female,East,40,Low,120.96,157.51,93,86,High,110.78,837
838,Katie Garcia,64,Female,Central,88,Low,13.87,13.84,46,21,High,57.7,838
839,Katie Jones,52,Female,South,64,Medium,195.48,71.15,22,22,High,193.79,839
840,Sarah Miller,56,Male,West,87,Low,188.04,43.96,79,73,Medium,58.52,840
841,Jane Johnson,73,Female,Central,43,Medium,85.91,189.84,4,78,Low,35.47,841
842,Sarah Jones,42,Female,West,63,Low,158.11,57.62,87,45,Medium,61.63,842
843,Chris Miller,70,Male,East,63,Medium,189.04,37.36,66,27,Medium,74.21,843
844,Jane Miller,41,Male,North,53,Medium,128.19,96.98,22,17,Low,60.76,844
845,Mike Miller,57,Male,South,40,High,48.16,170.52,17,10,High,171.6,845
846,Mike Brown,33,Male,South,80,Low,186.56,55.97,87,2,Low,88.86,846
847,Sarah Martinez,31,Female,North,64,High,17.41,128.99,56,7,High,130.46,847
848,Jane Martinez,44,Female,West,11,High,111.04,56.02,64,81,Medium,139.85,848
849,David Williams,42,Male,North,50,High,23.44,172.48,1,34,Low,165.48,849
850,Emily Martinez,55,Female,West,77,Medium,178.15,156.27,37,69,High,134.39,850
851,Mike Martinez,30,Female,East,62,Medium,113.22,75.93,69,84,High,91.63,851
852,Jane Johnson,46,Male,North,61,Medium,137.79,144.41,64,98,Low,123.92,852
853,Robert Garcia,43,Male,East,75,High,47.05,88.11,86,96,Medium,185.03,853
854,Sarah Garcia,23,Female,Central,86,High,93.17,89.51,35,28,Low,186.98,854
855,John Jones,59,Male,North,73,Medium,168.12,121.66,92,80,Medium,30.09,855
856,Mike Miller,20,Male,East,95,Medium,119.55,157.83,17,8,Medium,115.61,856
857,Laura Jones,69,Female,West,37,Low,170.99,171.07,99,9,Medium,100.5,857
858,Chris Lee,63,Male,South,9,Low,26.47,97.57,98,91,High,178.07,858
859,David Davis,49,Male,South,19,High,93.1,20.31,17,22,Low,28.92,859
860,Robert Brown,53,Male,North,73,High,63.59,46.77,64,19,High,26.3,860
861,Laura Lee,65,Female,West,59,High,84.69,13.73,82,92,Medium,100.78,861
862,Emily Williams,75,Female,North,58,Low,170.08,148.12,15,43,Low,129.0,862
863,Robert Miller,21,Male,West,58,Low,191.12,171.83,80,58,Low,33.32,863
864,Jane Miller,28,Female,South,23,High,29.44,35.52,80,82,High,175.75,864
865,David Brown,71,Female,North,4,Low,109.66,76.06,88,85,Medium,133.41,865
866,Laura Brown,19,Female,North,51,High,26.5,30.02,62,5,Medium,11.93,866
867,Laura Brown,70,Female,South,49,Low,114.08,142.57,12,68,Low,48.62,867
868,Mike Miller,34,Female,Central,44,Low,25.73,163.91,80,87,High,112.56,868
869,Laura Garcia,65,Female,East,37,Low,24.84,68.84,22,93,Low,54.35,869
870,Emily Johnson,42,Female,East,42,Medium,128.49,21.81,89,8,High,163.88,870
871,David Lee,40,Male,Central,31,High,29.37,131.16,97,37,Medium,77.75,871
872,Jane Johnson,65,Female,North,58,Low,120.9,13.07,2,48,Medium,103.51,872
873,Emily Lee,50,Male,East,49,Medium,41.33,13.84,67,26,Low,17.22,873
874,Laura Martinez,26,Male,South,55,Low,138.38,125.82,65,94,Medium,183.08,874
875,David Brown,69,Female,South,22,High,133.41,89.29,21,78,Medium,59.54,875
876,Jane Smith,36,Male,South,44,Medium,177.44,42.76,81,38,Low,91.26,876
877,Laura Jones,44,Female,Central,87,Medium,120.82,45.86,25,97,High,55.62,877
878,Jane Martinez,69,Male,East,48,Low,177.23,177.71,34,4,High,177.16,878
879,Chris Jones,25,Female,South,20,Low,128.91,101.27,79,70,High,18.01,879
880,John Jones,49,Female,Central,46,Medium,62.8,185.41,9,71,Medium,105.79,880
881,Emily Lee,19,Female,North,12,Low,121.1,78.19,11,9,Low,102.1,881
882,Mike Martinez,69,Male,South,9,High,198.74,105.41,11,46,Low,111.35,882
883,John Williams,21,Male,East,15,Medium,169.56,82.79,48,5,Medium,194.61,883
884,John Martinez,43,Female,East,69,High,143.76,52.3,73,36,Low,62.54,884
885,Robert Lee,19,Male,Central,46,Medium,77.5,90.63,27,43,Low,35.43,885
886,Mike Garcia,31,Male,Central,96,Low,178.42,165.21,95,88,High,127.37,886
887,Katie Brown,64,Male,West,16,High,141.71,113.63,55,37,Low,185.11,887
888,Chris Smith,30,Male,North,25,High,82.83,38.54,99,8,Low,64.3,888
889,Laura Garcia,43,Male,Central,5,Medium,86.71,152.09,71,100,High,33.94,889
890,Sarah Davis,21,Male,North,16,High,134.02,191.62,39,76,High,123.33,890
891,Sarah Jones,39,Male,West,37,High,157.48,106.67,98,28,Medium,170.71,891
892,Jane Lee,47,Female,South,62,Medium,79.64,198.11,63,3,High,126.31,892
893,Robert Miller,50,Female,South,62,High,163.48,123.83,78,55,Medium,43.15,893
894,David Johnson,40,Male,West,87,Low,83.54,75.89,62,25,Low,175.5,894
895,Emily Williams,30,Male,West,53,High,32.24,181.07,95,94,Low,76.17,895
896,Mike Brown,37,Male,East,57,High,87.78,104.79,20,40,Medium,96.08,896
897,David Brown,28,Male,West,20,Medium,143.77,63.3,37,46,Medium,47.79,897
898,Emily Davis,23,Female,North,62,High,91.86,96.5,61,33,Medium,53.93,898
899,Chris Johnson,48,Female,South,83,High,129.07,170.01,11,5,Low,10.67,899
900,John Johnson,46,Male,East,85,Medium,101.19,92.61,48,76,High,176.76,900
901,Laura Williams,38,Female,South,64,Medium,54.13,162.84,10,83,High,190.03,901
902,Mike Brown,71,Male,East,48,Low,96.59,156.62,57,34,Low,34.81,902
903,John Davis,47,Male,West,19,High,85.49,131.64,72,77,Low,112.18,903
904,Sarah Smith,45,Female,South,33,Low,120.4,165.98,11,43,High,145.21,904
905,Laura Smith,47,Male,West,77,Low,59.95,92.87,61,60,Medium,155.85,905
906,Katie Garcia,29,Female,East,71,Low,132.78,145.08,19,79,Low,16.56,906
907,Katie Davis,63,Male,Central,30,Medium,188.32,142.36,54,9,High,46.32,907
908,Robert Martinez,30,Male,East,47,Medium,129.22,103.78,44,69,Medium,39.41,908
909,David Williams,67,Female,North,80,Low,159.97,160.69,36,25,High,125.7,909
910,John Williams,53,Female,North,96,Low,177.89,140.97,53,75,High,169.4,910
911,Jane Jones,67,Female,North,88,Medium,125.98,129.42,20,88,Medium,17.66,911
912,Sarah Williams,26,Male,Central,82,Medium,88.2,197.12,26,82,High,31.76,912
913,Laura Johnson,75,Female,South,75,Low,152.39,161.43,38,30,Medium,98.99,913
914,Chris Jones,48,Male,South,37,Medium,94.77,82.2,36,51,High,195.81,914
915,John Williams,55,Male,South,67,Medium,75.45,93.66,60,7,High,27.4,915
916,Emily Johnson,44,Female,Central,82,High,64.44,15.37,91,50,Low,186.19,916
917,John Brown,18,Male,South,59,Medium,31.6,58.14,4,63,High,41.76,917
918,John Williams,44,Female,West,71,Low,151.78,66.46,73,77,High,94.18,918
919,Chris Jones,61,Male,Central,5,Medium,186.49,29.43,37,33,Low,118.52,919
920,Chris Williams,49,Male,North,34,High,133.99,134.3,99,93,Medium,42.75,920
921,Robert Smith,69,Female,Central,70,Low,103.57,151.11,7,63,Low,36.02,921
922,Katie Williams,33,Female,East,55,Low,194.1,21.64,60,38,Medium,119.74,922
923,Jane Lee,27,Male,Central,5,Low,21.07,117.49,54,9,Medium,26.13,923
924,Chris Miller,44,Male,North,54,Low,55.03,182.59,57,84,High,135.51,924
925,Chris Johnson,50,Female,West,25,Medium,106.28,46.38,21,45,Medium,183.65,925
926,Emily Jones,29,Male,South,8,Medium,19.74,166.93,50,30,Low,197.87,926
927,Laura Smith,53,Male,North,94,Medium,22.93,128.18,80,39,Medium,61.68,927
928,Laura Davis,51,Female,North,45,Low,121.79,185.62,32,82,High,146.32,928
929,David Brown,42,Male,South,72,Low,81.37,28.36,76,29,Medium,106.09,929
930,Katie Davis,23,Male,South,3,Medium,187.79,155.79,74,16,High,132.22,930
931,Sarah Smith,53,Male,East,11,Low,77.3,190.46,94,57,High,94.17,931
932,Katie Miller,56,Male,West,64,Medium,80.58,146.05,98,58,Medium,71.09,932
933,Katie Martinez,55,Male,East,29,Medium,18.46,46.06,36,27,Low,28.71,933
934,David Garcia,21,Female,Central,70,Low,149.78,72.77,88,66,Medium,53.8,934
935,Laura Smith,60,Female,Central,13,Low,50.38,31.35,90,22,High,17.65,935
936,Emily Brown,18,Male,East,66,Low,74.02,80.43,96,21,Low,135.49,936
937,Jane Miller,33,Male,East,81,High,180.39,44.65,70,84,Low,80.79,937
938,Jane Lee,20,Male,West,28,High,196.55,181.92,97,56,Medium,158.07,938
939,Katie Miller,21,Female,East,91,Medium,177.39,84.85,3,67,Medium,44.53,939
940,Emily Williams,49,Female,East,94,High,116.0,62.76,69,50,Low,73.62,940
941,Robert Smith,31,Female,West,14,Medium,97.16,159.61,77,49,High,21.79,941
942,John Miller,43,Female,North,43,Medium,37.24,89.88,52,47,Medium,106.16,942
943,Katie Jones,58,Male,East,80,Medium,94.82,167.81,27,95,Medium,165.14,943
944,Mike Smith,20,Male,Central,95,High,127.04,152.26,31,82,Low,114.3,944
945,David Brown,43,Male,Central,35,Low,70.92,101.01,66,23,High,182.3,945
946,Katie Smith,74,Male,South,2,High,109.76,130.34,63,16,Medium,39.63,946
947,Emily Johnson,32,Female,South,10,Medium,191.81,40.24,13,52,High,128.91,947
948,David Martinez,51,Female,East,6,High,74.2,151.42,20,78,Low,53.61,948
949,Jane Johnson,67,Female,Central,6,Medium,68.55,167.61,11,68,Low,179.64,949
950,Mike Jones,30,Male,West,64,Low,69.0,95.53,79,56,High,155.9,950
951,Katie Smith,40,Female,West,80,High,100.02,38.92,92,40,Medium,121.26,951
952,Mike Miller,71,Male,West,93,High,10.83,65.59,20,83,Medium,35.96,952
953,David Lee,62,Male,North,98,Medium,165.52,50.17,72,66,Medium,67.13,953
954,Chris Martinez,75,Male,East,9,Medium,23.81,67.65,87,35,High,81.33,954
955,David Garcia,62,Male,South,60,Medium,43.47,66.46,29,99,Low,135.07,955
956,David Davis,30,Female,North,55,Medium,148.19,129.27,10,30,Low,143.64,956
957,Sarah Davis,61,Male,East,12,High,92.42,138.87,67,94,Medium,119.85,957
958,Sarah Johnson,40,Female,West,11,Medium,164.59,53.95,80,66,Low,117.59,958
959,Chris Martinez,68,Male,West,75,High,178.16,84.87,41,99,High,190.9,959
960,Emily Williams,30,Female,Central,24,Medium,191.75,123.45,78,28,High,167.45,960
961,Katie Davis,32,Male,South,30,Medium,48.45,131.97,12,91,Low,87.54,961
962,Robert Miller,33,Female,West,14,Low,142.35,54.1,35,2,Medium,25.3,962
963,John Williams,66,Male,South,92,Low,133.73,28.59,54,99,Low,129.15,963
964,Emily Smith,40,Female,West,56,Medium,28.48,61.09,79,90,High,66.32,964
965,Jane Johnson,27,Male,North,8,Medium,42.13,70.8,18,57,Low,37.73,965
966,Sarah Smith,26,Male,Central,25,High,75.46,55.37,15,81,Medium,87.45,966
967,Emily Smith,30,Female,West,86,High,95.26,199.56,86,66,Low,32.07,967
968,John Johnson,71,Male,Central,59,Medium,199.3,165.67,92,70,Medium,43.96,968
969,David Davis,20,Male,West,24,High,130.04,114.46,41,56,Low,116.68,969
970,Jane Brown,28,Male,East,77,Low,11.6,129.0,30,43,Low,180.0,970
971,Mike Smith,36,Male,South,46,High,39.21,110.68,92,48,Low,128.92,971
972,Sarah Smith,42,Male,South,91,Medium,148.86,25.46,11,53,Medium,54.39,972
973,Robert Jones,32,Female,West,74,High,74.7,72.25,60,93,Medium,36.99,973
974,Mike Smith,37,Female,North,18,High,191.19,23.14,43,87,Low,166.37,974
975,Robert Williams,54,Female,North,88,High,94.34,166.22,6,84,High,177.85,975
976,Katie Brown,26,Male,East,31,Medium,50.99,187.62,97,60,Low,41.35,976
977,Chris Davis,68,Female,North,5,Low,67.31,18.84,59,6,High,143.9,977
978,Mike Smith,41,Female,North,3,High,103.82,180.5,77,82,High,33.33,978
979,Laura Jones,45,Male,Central,1,Low,62.5,116.74,25,26,Low,32.37,979
980,Laura Brown,32,Male,South,57,Medium,32.93,101.29,22,77,Low,72.11,980
981,Emily Lee,31,Female,West,67,Medium,47.55,137.68,89,20,Medium,11.8,981
982,Laura Lee,66,Female,Central,100,Low,131.09,63.93,20,26,Low,156.87,982
983,David Davis,64,Male,West,9,High,60.24,10.42,29,47,Medium,173.74,983
984,Robert Davis,55,Male,Central,10,Medium,123.57,121.57,93,24,Low,26.81,984
985,Laura Brown,49,Male,Central,2,High,13.27,140.59,50,10,Medium,34.01,985
986,John Lee,58,Female,West,81,Medium,102.93,40.4,96,2,Low,47.35,986
987,Robert Jones,28,Female,Central,95,Medium,164.2,153.62,90,67,High,128.16,987
988,Katie Davis,33,Female,West,53,Medium,104.09,191.73,81,20,Low,41.29,988
989,Jane Brown,54,Female,North,47,Low,140.55,171.15,8,99,Medium,67.52,989
990,Mike Johnson,37,Male,North,49,Medium,184.63,154.67,82,21,Low,55.84,990
991,Mike Brown,52,Male,North,96,Medium,59.55,112.81,48,76,Medium,16.73,991
992,John Garcia,70,Male,North,30,Medium,26.69,184.38,13,28,Low,134.02,992
993,Mike Garcia,38,Male,Central,86,Low,59.35,38.83,43,75,Low,122.38,993
994,David Johnson,69,Male,Central,14,Low,173.08,62.67,92,89,High,180.7,994
995,Robert Johnson,21,Male,North,13,High,195.45,48.74,81,88,Medium,50.12,995
996,Mike Smith,62,Female,East,48,Low,118.67,31.37,90,88,High,142.2,996
997,Robert Jones,41,Female,West,46,Medium,91.67,153.34,15,74,High,16.12,997
998,Sarah Davis,56,Male,South,38,Medium,145.51,151.97,63,49,Medium,58.46,998
999,Jane Jones,30,Male,East,63,Low,183.77,177.53,76,41,Medium,47.58,999
1000,John Martinez,33,Male,West,65,Low,89.94,50.37,98,23,Medium,65.83,1000
