CustomerID,Full_Name,Age_Years,Gender_Type,Geographical_Region,Service_Tenure,Plan_Option,Bill_Amount_Charged,Internet_Data_GB,Call_History_Count,Churn_Prediction,Traffic_Generated_GB,Average_Latency,Customer_FK
1,Mike Miller,26,Male,North,92,Low,133.81,69.59,53,Low,172.33,63.3,1
2,Emily Martinez,74,Female,Central,66,High,28.22,160.07,36,Medium,134.98,60.8,2
3,Laura Jones,59,Male,South,13,Medium,48.12,167.52,3,High,39.86,23.1,3
4,Katie Smith,75,Female,East,43,Low,67.19,139.69,6,Medium,93.67,38.04,4
5,Mike Miller,41,Male,West,54,High,60.2,191.35,39,Medium,70.07,55.22,5
6,David Lee,41,Female,West,19,Medium,77.1,47.43,9,Medium,31.99,199.43,6
7,Emily Johnson,31,Male,East,36,Medium,59.44,50.22,46,Low,111.49,147.83,7
8,Jane Davis,70,Female,Central,13,Low,147.71,105.71,92,Low,103.79,80.82,8
9,Emily Williams,64,Female,East,44,Medium,177.96,97.98,64,Medium,73.48,30.0,9
10,Emily Davis,20,Male,East,65,High,152.94,77.95,42,High,123.99,115.18,10
11,Sarah Williams,48,Male,North,19,Medium,132.26,48.82,35,High,158.67,153.4,11
12,John Williams,31,Female,North,8,High,89.96,98.2,78,High,182.05,107.53,12
13,Mike Smith,70,Female,East,67,Low,116.66,145.82,86,Medium,130.57,130.46,13
14,Mike Johnson,18,Male,North,43,Low,19.93,51.69,95,Medium,75.99,198.77,14
15,Jane Williams,75,Male,South,76,Medium,45.94,39.39,44,Low,79.29,72.12,15
16,David Johnson,53,Female,South,31,High,131.14,136.19,6,High,132.12,147.44,16
17,Laura Davis,55,Female,Central,14,High,19.6,144.74,21,High,140.39,187.31,17
18,Chris Smith,34,Female,West,93,High,186.73,49.57,74,Low,68.33,61.59,18
19,David Williams,18,Female,Central,67,Low,134.93,59.1,96,Low,177.03,112.6,19
20,Mike Jones,45,Male,East,96,Medium,86.97,175.89,34,Low,93.8,148.48,20
21,John Brown,46,Female,East,70,Medium,144.93,120.82,8,High,155.65,158.09,21
22,Laura Johnson,71,Female,West,17,Low,134.03,49.88,3,High,66.98,77.53,22
23,Laura Miller,25,Female,Central,5,High,62.18,33.95,46,Low,115.65,13.0,23
24,Mike Brown,18,Male,East,1,Low,144.06,38.37,37,High,141.22,141.3,24
25,Katie Miller,25,Female,East,81,Low,165.0,146.02,21,Low,178.07,138.28,25
26,David Garcia,54,Female,North,10,Low,99.0,40.66,31,Medium,52.97,189.29,26
27,John Garcia,69,Female,East,26,Medium,18.11,131.73,15,High,98.94,190.54,27
28,Laura Williams,34,Female,South,74,Medium,21.38,73.82,21,High,13.92,66.36,28
29,Katie Martinez,28,Female,South,43,Medium,105.13,80.63,7,Low,65.87,33.72,29
30,Chris Martinez,32,Male,South,4,High,114.39,21.07,61,High,65.54,179.41,30
31,Mike Martinez,39,Female,South,95,High,65.14,164.65,90,Low,132.16,84.69,31
32,John Lee,57,Male,North,74,High,27.18,11.31,53,Low,91.05,47.26,32
33,Robert Miller,57,Male,North,4,Low,19.15,180.18,46,Low,70.13,52.91,33
34,Mike Jones,60,Female,East,66,High,19.82,171.79,85,Medium,71.75,24.36,34
35,Laura Davis,57,Female,Central,85,High,71.25,47.35,52,High,36.77,127.29,35
36,Emily Miller,65,Female,South,21,Low,52.07,154.97,84,Medium,194.54,17.28,36
37,Robert Johnson,19,Female,West,95,Low,13.48,77.56,28,Medium,138.08,127.17,37
38,Jane Martinez,37,Male,West,78,High,66.51,130.55,23,Low,34.76,162.5,38
39,Sarah Garcia,41,Male,West,97,Medium,78.65,156.24,85,Low,114.76,95.55,39
40,Mike Williams,59,Female,East,40,High,181.0,118.19,40,High,126.28,92.29,40
41,John Johnson,65,Female,East,53,Medium,131.03,90.51,14,Medium,10.82,91.79,41
42,Jane Jones,25,Female,North,73,Low,96.34,43.48,87,Low,154.16,47.87,42
43,Mike Miller,53,Male,North,55,High,14.77,130.42,58,High,70.56,162.6,43
44,David Smith,56,Male,Central,25,High,88.92,63.07,16,High,72.02,71.55,44
45,Katie Smith,53,Male,Central,77,Medium,23.66,126.81,87,Low,193.56,100.52,45
46,Laura Miller,37,Male,Central,57,High,104.23,15.45,80,High,50.73,155.99,46
47,John Brown,50,Male,West,41,Medium,72.33,82.72,18,High,62.93,191.78,47
48,David Smith,43,Male,West,58,Low,149.55,60.56,20,Low,92.65,153.43,48
49,Emily Smith,35,Female,North,93,Low,100.16,126.45,69,High,162.99,157.88,49
50,Mike Garcia,45,Male,North,91,High,98.22,113.59,21,Low,100.44,146.68,50
51,Sarah Davis,31,Male,North,96,Medium,27.75,71.77,31,Low,113.15,172.35,51
52,Emily Lee,56,Female,East,59,Low,123.71,57.18,65,High,77.83,179.53,52
53,Jane Garcia,68,Male,South,16,Medium,187.41,178.5,17,Medium,72.93,144.2,53
54,Laura Williams,18,Female,Central,82,Low,144.75,81.42,80,High,199.37,111.81,54
55,Robert Garcia,57,Female,South,19,Low,79.19,143.81,12,High,167.01,18.35,55
56,Sarah Lee,47,Male,East,47,Medium,27.6,124.37,63,Medium,146.37,166.62,56
57,David Davis,64,Female,Central,98,Medium,96.16,68.17,22,Low,196.04,99.2,57
58,Laura Garcia,52,Female,North,5,Low,55.88,62.81,43,Medium,151.33,28.48,58
59,Laura Williams,62,Male,Central,3,Low,43.98,24.75,99,High,153.9,80.36,59
60,Jane Davis,44,Female,North,47,Low,84.89,45.07,8,Low,67.43,143.27,60
61,Sarah Williams,44,Female,Central,61,Medium,148.13,102.72,90,Medium,166.82,149.14,61
62,John Johnson,23,Male,Central,57,Low,74.81,72.11,86,Medium,172.66,31.45,62
63,John Smith,57,Male,East,56,Low,27.05,81.87,25,Medium,106.39,62.4,63
64,Sarah Garcia,54,Male,East,4,Low,141.6,183.53,61,Low,170.54,54.65,64
65,Chris Jones,66,Male,North,11,Medium,59.16,190.25,72,High,162.81,11.63,65
66,Mike Martinez,43,Female,Central,59,Medium,74.93,81.44,39,Low,100.39,118.74,66
67,Mike Lee,20,Female,North,75,High,182.45,164.33,60,Medium,55.08,24.0,67
68,Jane Garcia,59,Female,South,9,High,180.65,197.56,12,Low,17.26,56.47,68
69,Emily Smith,53,Female,South,87,High,120.59,66.7,70,Low,152.35,27.47,69
70,Jane Martinez,29,Female,West,6,High,52.84,184.47,23,Medium,20.14,94.04,70
71,Laura Garcia,52,Male,Central,55,High,179.98,145.69,83,Medium,190.7,111.97,71
72,Sarah Martinez,69,Male,East,43,High,168.75,87.83,49,High,88.68,20.12,72
73,Sarah Martinez,50,Male,South,73,Medium,159.49,107.7,10,High,32.51,167.17,73
74,John Davis,68,Male,West,14,Medium,177.14,173.38,100,Medium,184.11,23.82,74
75,John Martinez,54,Male,Central,66,Low,42.05,85.42,56,High,126.83,182.58,75
76,Jane Brown,66,Male,Central,68,Medium,110.59,106.89,40,Medium,90.63,48.71,76
77,Jane Jones,32,Female,East,14,High,194.76,101.14,35,High,175.12,69.78,77
78,Sarah Smith,29,Female,Central,78,Medium,79.32,90.0,58,High,159.51,31.31,78
79,Chris Martinez,52,Female,North,45,Medium,113.34,34.73,14,Low,190.33,107.47,79
80,Katie Garcia,53,Male,West,71,Low,193.25,160.17,31,High,80.72,105.96,80
81,Jane Johnson,28,Female,East,81,Medium,92.12,160.88,78,High,98.43,72.48,81
82,David Johnson,30,Male,North,12,Medium,95.61,94.54,68,Medium,57.64,192.59,82
83,Chris Martinez,21,Male,Central,64,Medium,77.58,68.16,81,High,143.78,49.03,83
84,Katie Garcia,51,Female,Central,61,Medium,168.36,114.36,71,Low,136.61,90.07,84
85,Robert Miller,50,Female,South,10,High,132.43,16.04,10,Medium,25.34,83.98,85
86,David Jones,24,Male,East,72,High,78.41,80.68,60,Low,70.93,118.55,86
87,Mike Smith,64,Female,North,67,Medium,161.55,23.89,91,Medium,86.94,159.61,87
88,Emily Williams,24,Female,West,43,High,181.43,70.92,53,Medium,180.03,135.05,88
89,John Johnson,51,Female,South,20,Medium,195.75,84.38,86,High,18.24,171.55,89
90,John Davis,69,Female,South,41,Low,41.39,52.43,82,Medium,167.8,46.32,90
91,David Smith,19,Male,North,26,Medium,174.45,161.16,86,Low,40.63,34.55,91
92,Katie Martinez,51,Male,North,58,Medium,92.87,156.7,2,Low,40.68,11.2,92
93,Katie Jones,50,Male,Central,28,Low,23.51,27.89,30,Low,161.39,18.19,93
94,David Davis,68,Female,South,67,High,139.35,29.35,90,Low,108.32,104.43,94
95,Jane Miller,46,Female,South,14,Medium,65.34,78.6,66,Low,123.35,82.64,95
96,Mike Garcia,74,Male,East,80,Medium,155.88,189.01,88,Low,155.77,82.9,96
97,Emily Jones,37,Female,West,11,Low,61.12,53.48,92,High,159.33,13.6,97
98,Sarah Garcia,59,Female,South,41,Low,198.6,51.83,13,Low,168.12,84.68,98
99,Katie Miller,21,Male,East,94,High,103.6,129.42,98,High,36.47,175.49,99
100,Mike Johnson,42,Female,North,15,Low,181.02,136.28,81,High,31.24,84.17,100
101,David Jones,26,Male,North,30,High,156.75,165.59,60,Medium,82.31,49.26,101
102,David Miller,62,Male,West,19,Low,183.06,56.05,68,Low,16.16,64.85,102
103,Laura Jones,52,Female,West,62,Medium,32.32,31.79,39,Medium,33.67,145.7,103
104,Mike Smith,22,Male,Central,14,High,61.71,149.61,54,High,32.82,189.58,104
105,Katie Johnson,47,Male,West,21,Low,162.44,30.83,48,Low,42.43,28.99,105
106,David Lee,54,Female,South,38,Medium,182.1,37.87,81,High,189.84,45.2,106
107,David Garcia,18,Male,East,70,Medium,55.09,85.62,6,High,78.66,176.13,107
108,Mike Davis,63,Male,West,58,High,56.58,122.85,13,Low,44.87,195.11,108
109,Robert Smith,20,Male,South,63,Low,23.99,167.58,57,High,75.67,51.14,109
110,Jane Smith,33,Female,North,64,Low,197.14,140.98,25,High,21.33,89.08,110
111,Katie Brown,48,Male,West,49,High,115.6,193.11,8,Low,157.41,77.24,111
112,David Martinez,74,Female,West,55,Low,134.03,40.07,73,Medium,126.81,61.17,112
113,Emily Garcia,62,Female,West,90,Low,12.91,179.06,20,Low,64.8,52.68,113
114,Katie Martinez,64,Female,West,62,High,174.25,146.43,27,Low,58.0,78.4,114
115,John Jones,61,Female,North,48,Low,130.54,81.31,6,Medium,151.73,49.04,115
116,John Miller,47,Female,South,66,High,35.36,105.37,89,Low,193.93,29.73,116
117,Jane Brown,61,Male,South,17,High,48.95,60.42,73,Medium,113.07,148.08,117
118,Sarah Miller,34,Male,South,5,Low,123.0,174.37,89,Medium,192.29,197.84,118
119,Sarah Williams,60,Male,East,7,Medium,30.52,27.72,91,High,47.74,141.2,119
120,Sarah Smith,54,Female,East,93,Low,68.13,37.09,15,Medium,149.4,14.48,120
121,David Smith,61,Female,West,79,High,45.65,32.92,68,High,192.86,195.05,121
122,David Brown,23,Female,West,95,High,143.27,175.3,52,Low,80.65,23.41,122
123,Sarah Martinez,18,Male,Central,6,Low,56.79,170.17,77,Low,110.01,93.32,123
124,Chris Johnson,45,Male,North,4,High,85.25,185.83,41,Medium,112.83,46.78,124
125,Katie Brown,62,Male,South,62,High,155.51,192.91,19,Low,88.99,150.33,125
126,David Davis,38,Female,South,65,Medium,68.54,85.78,7,Medium,161.04,65.14,126
127,Mike Martinez,23,Female,North,96,Medium,74.19,73.27,41,Low,104.86,78.95,127
128,Mike Smith,61,Female,North,56,Low,52.47,110.94,22,Low,120.69,163.69,128
129,David Jones,33,Male,South,63,Low,105.24,153.0,77,Low,156.62,26.14,129
130,Mike Williams,40,Male,South,63,Medium,59.98,34.84,100,Low,150.41,174.73,130
131,Chris Lee,59,Male,South,1,Low,148.96,77.22,40,Medium,110.35,99.28,131
132,John Garcia,38,Male,North,80,High,107.41,23.35,6,Medium,58.96,28.18,132
133,John Brown,29,Female,East,88,Medium,90.97,127.93,76,Medium,170.13,56.5,133
134,Laura Lee,70,Female,East,79,High,40.97,166.37,72,High,51.86,104.54,134
135,David Lee,47,Female,Central,62,Medium,91.23,199.35,63,Low,52.14,47.69,135
136,David Johnson,50,Male,Central,88,Low,48.97,20.81,58,Low,54.23,116.72,136
137,Emily Jones,31,Female,Central,56,High,13.04,154.33,8,Medium,18.75,44.77,137
138,Robert Johnson,34,Male,North,64,Medium,36.91,188.03,80,High,175.04,55.52,138
139,Jane Smith,60,Female,North,57,High,172.24,27.8,94,High,152.22,133.24,139
140,Laura Jones,62,Male,East,96,High,77.0,51.13,68,High,94.6,35.39,140
141,Katie Davis,21,Female,West,22,Low,44.31,75.6,8,Medium,173.01,47.35,141
142,Mike Davis,61,Male,Central,67,Low,133.92,33.66,85,Medium,58.54,32.82,142
143,David Smith,42,Female,North,39,Medium,148.68,107.53,57,Low,125.13,106.23,143
144,Jane Davis,34,Male,East,34,Low,65.37,40.35,23,High,92.4,193.94,144
145,Mike Williams,66,Male,South,3,Medium,41.52,154.97,97,Low,186.53,18.55,145
146,Chris Johnson,57,Male,Central,1,Low,187.42,128.03,76,Medium,113.82,45.53,146
147,Sarah Garcia,59,Male,East,1,Medium,107.91,127.19,33,Medium,16.07,54.48,147
148,Sarah Garcia,64,Male,North,87,Medium,65.18,197.64,21,Medium,89.04,59.59,148
149,Jane Lee,47,Male,South,40,High,40.12,80.73,16,High,92.25,123.39,149
150,Emily Lee,54,Male,East,42,Low,11.91,65.35,37,Medium,90.01,146.1,150
151,Chris Martinez,39,Female,South,49,High,22.33,50.67,39,High,145.58,34.37,151
152,David Johnson,60,Male,Central,7,High,188.91,145.48,2,High,141.41,167.46,152
153,Jane Garcia,62,Male,Central,98,Low,158.33,40.59,28,High,29.59,11.89,153
154,Robert Johnson,66,Female,East,45,Low,103.47,165.25,3,High,163.53,178.33,154
155,Chris Jones,68,Female,East,54,Medium,70.31,190.76,48,High,163.1,46.5,155
156,John Garcia,45,Male,West,82,Low,142.15,57.79,27,Low,96.74,89.65,156
157,Katie Johnson,46,Female,East,92,Low,90.72,78.85,48,High,23.99,171.69,157
158,Chris Jones,21,Female,South,60,Low,91.05,129.45,32,Low,108.33,166.81,158
159,Katie Miller,39,Male,East,51,Low,150.93,42.79,22,Low,92.68,130.24,159
160,Mike Jones,40,Male,Central,68,Medium,153.14,36.98,39,High,179.67,50.22,160
161,Mike Williams,75,Female,South,56,Low,14.07,185.7,49,Low,127.72,96.56,161
162,Sarah Davis,47,Female,West,48,Low,95.68,163.52,25,Low,63.28,181.4,162
163,Katie Miller,59,Female,West,15,High,89.26,133.45,15,Medium,47.33,103.88,163
164,Sarah Brown,34,Male,South,15,Low,117.96,167.5,29,Medium,123.86,15.18,164
165,David Brown,74,Female,Central,39,Low,17.69,64.48,84,Low,153.17,102.83,165
166,Chris Williams,39,Male,Central,32,Medium,181.03,90.42,93,Low,181.39,74.87,166
167,Mike Garcia,51,Male,North,60,Medium,169.54,49.56,76,Low,30.18,37.38,167
168,Laura Garcia,70,Male,Central,7,Medium,28.47,167.51,89,Medium,157.02,109.55,168
169,Katie Williams,18,Female,South,11,Medium,15.54,106.51,23,Medium,119.97,24.07,169
170,John Jones,61,Female,West,87,Low,190.5,174.54,77,High,32.45,117.9,170
171,David Brown,27,Male,West,24,Medium,159.03,115.2,82,High,105.96,82.51,171
172,Robert Miller,64,Male,East,72,High,42.87,11.43,41,Low,18.92,103.48,172
173,David Smith,39,Male,North,43,High,53.25,197.58,44,High,103.88,176.32,173
174,Emily Lee,47,Male,South,29,Low,81.35,82.19,34,Low,128.83,100.62,174
175,David Lee,44,Male,South,79,High,193.82,47.89,90,Medium,81.65,142.58,175
176,Chris Johnson,39,Female,East,60,High,56.52,85.44,23,Low,35.97,153.04,176
177,Chris Jones,70,Male,South,21,Medium,59.19,139.01,98,Low,39.76,60.38,177
178,Mike Garcia,32,Male,West,25,Low,43.55,159.04,15,High,72.01,93.54,178
179,Laura Jones,71,Male,West,87,Low,24.04,177.53,27,Medium,169.49,168.07,179
180,Mike Martinez,39,Female,East,45,Medium,119.03,109.12,43,High,17.01,51.01,180
181,Chris Smith,31,Male,North,94,Low,102.69,160.3,66,Low,65.26,11.76,181
182,Jane Smith,30,Male,Central,15,Low,38.08,81.5,49,Low,20.96,163.41,182
183,Sarah Garcia,38,Male,South,62,Low,118.55,152.03,40,Medium,96.42,188.12,183
184,John Miller,47,Female,South,33,Medium,144.61,158.95,52,High,14.11,106.26,184
185,Mike Williams,48,Female,Central,67,Medium,45.99,105.54,44,High,88.22,189.97,185
186,David Davis,65,Female,West,42,Low,179.89,40.38,74,Low,192.78,27.69,186
187,Robert Martinez,46,Male,East,78,Low,34.75,117.17,81,High,81.45,30.51,187
188,John Brown,36,Male,East,52,Medium,194.72,149.23,66,Medium,168.94,71.86,188
189,Chris Williams,31,Female,West,96,Medium,38.62,84.9,84,High,45.97,23.03,189
190,Emily Brown,40,Female,North,39,Medium,83.23,61.77,82,Medium,198.74,161.91,190
191,Katie Brown,75,Male,Central,94,High,75.86,165.61,24,Medium,151.41,87.25,191
192,Mike Garcia,40,Male,South,42,Low,67.37,30.64,92,Low,34.01,65.7,192
193,Mike Brown,48,Male,South,89,Medium,167.86,43.89,90,Medium,59.83,168.61,193
194,Jane Johnson,73,Male,South,89,High,71.38,30.82,67,Medium,47.84,86.69,194
195,John Williams,58,Male,Central,96,High,158.89,169.38,50,High,99.63,19.07,195
196,David Lee,68,Male,West,9,Medium,189.05,41.78,13,High,130.87,50.74,196
197,Katie Johnson,36,Male,South,87,High,125.47,181.28,3,High,16.47,24.3,197
198,Sarah Garcia,61,Female,West,83,Low,64.03,27.74,24,Medium,16.97,98.56,198
199,Laura Johnson,57,Male,South,63,High,165.83,93.83,58,Low,28.4,102.32,199
200,Mike Williams,61,Male,East,88,High,153.68,45.74,100,Low,99.12,16.96,200
201,David Garcia,35,Female,North,58,High,142.52,147.32,90,High,43.65,99.83,201
202,Emily Martinez,36,Female,Central,53,Low,80.9,78.29,39,Medium,185.61,51.14,202
203,Katie Williams,33,Male,Central,18,Low,106.8,162.86,52,Medium,126.16,193.64,203
204,John Jones,58,Male,East,38,Low,123.94,156.09,59,Medium,166.07,38.03,204
205,Emily Davis,74,Male,Central,5,Medium,49.03,21.82,52,Medium,167.98,20.77,205
206,Sarah Johnson,53,Male,North,86,Low,169.42,114.36,59,Medium,195.85,181.43,206
207,Sarah Smith,58,Male,West,60,Medium,196.36,191.23,42,Low,39.9,165.48,207
208,Katie Martinez,20,Female,Central,65,Low,185.29,71.74,87,Medium,123.41,198.43,208
209,Emily Martinez,55,Male,East,14,Medium,89.2,77.84,71,Medium,123.01,128.27,209
210,Sarah Miller,55,Female,Central,74,High,93.17,12.72,80,Low,118.55,78.75,210
211,Laura Brown,41,Male,North,75,Low,127.41,75.66,74,Low,53.28,99.59,211
212,Katie Williams,48,Female,East,76,Low,112.35,62.33,100,Medium,192.1,57.92,212
213,Chris Davis,22,Female,East,65,High,136.96,142.41,70,Medium,27.85,106.94,213
214,Laura Brown,65,Female,West,56,Medium,96.07,32.8,71,Medium,121.38,140.85,214
215,Mike Brown,44,Male,East,83,Medium,192.75,65.96,45,High,53.77,165.91,215
216,Katie Miller,50,Male,Central,60,Low,183.9,145.62,93,High,46.94,189.71,216
217,David Lee,26,Male,South,68,Medium,67.13,146.13,79,High,137.65,99.89,217
218,Chris Martinez,59,Female,North,17,High,95.22,78.48,55,Low,76.11,196.22,218
219,Mike Garcia,42,Male,South,28,Low,123.06,160.85,67,Low,62.66,147.11,219
220,Mike Garcia,44,Male,South,13,High,11.11,192.22,14,Low,118.29,117.94,220
221,Jane Jones,73,Male,East,75,Medium,20.79,35.32,45,High,69.77,197.51,221
222,Emily Miller,21,Male,East,7,Medium,128.77,129.42,41,Low,166.64,196.15,222
223,David Lee,59,Female,North,91,High,134.77,107.93,37,High,176.66,27.1,223
224,Emily Miller,32,Male,South,38,Medium,159.78,103.96,16,High,108.94,35.98,224
225,Chris Smith,18,Female,South,16,Low,143.8,123.9,72,Medium,85.2,105.59,225
226,Mike Smith,54,Female,Central,14,High,92.39,124.0,93,High,56.99,141.15,226
227,Emily Lee,42,Male,North,85,High,80.29,105.27,29,Low,14.54,124.88,227
228,Sarah Davis,29,Female,Central,67,Medium,161.12,27.61,14,Low,43.7,187.17,228
229,Robert Brown,28,Female,South,74,Low,141.57,198.81,85,Low,152.96,85.81,229
230,Jane Johnson,48,Male,South,32,High,196.21,72.16,61,Low,141.17,42.53,230
231,Laura Jones,71,Male,East,44,Low,177.2,99.7,74,Medium,138.71,169.72,231
232,Katie Lee,22,Male,North,5,Low,41.55,100.42,55,Low,188.58,194.34,232
233,Laura Martinez,34,Male,Central,84,Low,81.98,135.79,72,Low,67.88,179.26,233
234,Sarah Williams,55,Female,North,2,Medium,138.42,165.63,91,High,179.48,181.09,234
235,Katie Davis,47,Female,South,26,Medium,84.09,64.99,37,Low,53.0,104.65,235
236,Emily Brown,59,Female,West,33,Medium,107.24,136.31,52,Low,68.34,52.95,236
237,Chris Williams,66,Male,North,41,Low,17.24,41.33,68,High,176.22,56.68,237
238,Emily Miller,55,Female,East,5,Medium,13.15,197.9,12,High,58.13,192.14,238
239,Robert Johnson,49,Female,North,49,Medium,179.03,35.97,7,High,188.04,57.13,239
240,John Davis,25,Female,Central,42,High,80.84,185.17,37,Medium,159.09,164.8,240
241,John Johnson,62,Female,West,51,Low,196.17,182.07,57,Low,90.75,109.68,241
242,Chris Lee,43,Female,Central,33,Low,13.26,95.85,53,Low,151.02,13.82,242
243,Mike Brown,28,Female,West,65,Medium,43.66,21.81,66,Medium,52.4,149.7,243
244,Katie Davis,37,Female,West,59,High,81.63,111.72,12,Medium,93.75,134.24,244
245,Laura Garcia,59,Female,East,28,Low,153.23,60.79,97,High,25.09,153.81,245
246,Chris Lee,67,Female,West,71,High,45.5,178.03,62,Low,97.9,191.54,246
247,Mike Martinez,69,Female,East,20,Medium,22.71,15.8,22,High,107.12,119.05,247
248,Chris Davis,22,Female,North,24,High,12.82,95.52,89,High,23.67,71.97,248
249,Laura Lee,58,Female,East,17,Low,41.61,52.02,81,High,89.05,109.5,249
250,Emily Garcia,20,Male,South,5,Low,135.89,174.57,64,Low,135.79,20.25,250
251,Mike Williams,66,Female,East,78,High,138.8,134.22,89,Low,125.62,26.38,251
252,Laura Smith,28,Male,Central,68,Medium,14.58,96.61,21,High,87.73,168.53,252
253,John Davis,65,Female,North,96,Low,58.8,140.0,3,Low,53.85,97.89,253
254,David Johnson,32,Male,South,23,Medium,24.36,141.99,59,Low,97.94,49.76,254
255,John Lee,19,Male,North,85,Medium,156.2,26.94,98,High,72.86,29.7,255
256,Katie Brown,52,Female,North,77,Low,54.63,159.03,70,Low,117.3,179.34,256
257,Sarah Brown,66,Female,West,67,Medium,78.64,111.92,66,Medium,81.0,189.67,257
258,Chris Smith,31,Male,Central,87,Low,119.16,69.19,81,High,163.41,85.4,258
259,Katie Williams,60,Male,Central,35,Low,67.58,163.62,91,Low,198.21,48.2,259
260,Laura Smith,43,Female,West,64,Medium,142.83,17.87,92,Medium,142.85,50.08,260
261,David Miller,34,Female,East,1,Low,35.87,66.28,56,High,79.92,12.28,261
262,Emily Smith,60,Male,West,93,Low,147.57,51.23,73,Low,97.75,193.27,262
263,Sarah Jones,51,Female,North,14,Low,106.6,68.07,84,Low,40.68,133.73,263
264,Sarah Johnson,55,Male,North,22,Low,136.28,64.99,65,Medium,187.18,15.24,264
265,Robert Martinez,65,Female,Central,1,Medium,45.97,129.23,40,High,129.1,66.24,265
266,Laura Williams,35,Female,West,47,Low,33.62,13.14,53,High,17.14,57.99,266
267,John Miller,44,Male,West,32,High,101.16,196.72,68,Low,138.15,169.83,267
268,Sarah Williams,32,Female,West,76,Medium,68.54,108.38,68,Low,104.33,99.45,268
269,Jane Williams,21,Male,Central,7,High,131.8,152.87,45,Medium,15.11,127.61,269
270,Chris Davis,27,Male,West,4,Low,128.7,66.91,46,Medium,131.73,17.12,270
271,Katie Lee,60,Female,Central,91,Medium,184.43,103.73,64,High,196.24,188.27,271
272,Emily Smith,53,Male,South,20,Medium,125.31,75.5,47,Medium,126.35,111.75,272
273,Chris Jones,37,Male,East,68,Low,98.29,160.68,76,Low,14.44,64.91,273
274,Katie Garcia,25,Male,Central,65,High,169.36,195.57,88,Low,184.85,22.37,274
275,David Jones,26,Male,North,39,High,169.11,172.1,7,Medium,132.13,198.25,275
276,David Jones,46,Male,North,11,High,185.3,30.9,39,Low,169.63,178.15,276
277,John Johnson,28,Male,North,64,High,108.03,128.69,96,Low,196.86,164.32,277
278,Chris Lee,37,Male,West,58,Medium,129.9,147.86,52,Low,118.0,73.31,278
279,Sarah Brown,47,Female,East,48,High,21.48,138.43,55,Low,74.51,191.86,279
280,Jane Davis,74,Male,South,79,Medium,76.22,14.61,15,High,189.67,18.93,280
281,John Garcia,38,Female,West,29,High,40.56,194.55,83,Low,46.84,160.22,281
282,John Smith,47,Male,West,11,Low,90.41,23.45,96,High,63.64,149.92,282
283,Robert Smith,52,Female,South,81,Low,127.06,11.65,53,Low,26.22,170.05,283
284,Chris Johnson,56,Female,West,18,Medium,118.01,132.97,60,Low,148.25,50.6,284
285,Robert Johnson,66,Female,North,4,Low,99.39,122.15,95,Medium,60.27,38.45,285
286,Katie Brown,54,Male,East,71,High,71.3,77.27,92,Medium,46.02,24.55,286
287,John Garcia,63,Male,Central,67,Low,101.77,196.76,25,Medium,70.65,44.85,287
288,Chris Smith,33,Male,Central,23,Medium,27.73,145.3,70,Low,121.96,11.28,288
289,Jane Miller,22,Male,North,71,Medium,133.48,11.07,44,Medium,106.64,157.82,289
290,Chris Miller,72,Female,East,35,High,58.68,67.24,27,High,28.93,142.02,290
291,Sarah Johnson,26,Female,East,88,Medium,45.22,14.1,32,Medium,10.52,143.15,291
292,David Garcia,27,Male,South,93,Medium,185.06,29.96,98,Medium,72.86,131.17,292
293,Sarah Brown,46,Male,East,53,High,48.69,86.54,39,Medium,198.02,140.2,293
294,Mike Martinez,72,Female,Central,85,Medium,143.12,142.98,95,High,66.77,61.87,294
295,David Smith,38,Female,Central,9,High,115.66,47.73,79,Low,167.13,135.71,295
296,Mike Lee,62,Female,Central,91,Low,10.76,181.9,10,Medium,164.94,67.59,296
297,Laura Williams,68,Female,West,49,Low,182.83,93.88,71,Low,44.85,79.81,297
298,Jane Davis,21,Female,North,83,High,140.0,54.66,13,Medium,90.04,18.74,298
299,Emily Davis,42,Female,West,58,Medium,187.74,180.64,65,Low,134.59,36.38,299
300,Jane Garcia,36,Female,East,74,High,163.99,106.74,76,Medium,70.57,76.31,300
301,John Jones,52,Male,Central,52,High,106.07,88.51,84,Medium,25.57,28.15,301
302,Jane Davis,31,Female,Central,46,Medium,38.19,53.95,73,Low,74.03,33.5,302
303,Jane Davis,37,Female,North,46,Low,177.94,107.98,42,Low,55.47,35.24,303
304,John Lee,22,Male,North,13,Low,198.59,63.97,74,High,176.62,167.42,304
305,John Garcia,40,Female,Central,44,High,17.98,163.85,80,High,85.08,27.14,305
306,Mike Smith,65,Male,North,22,Low,80.36,67.11,11,Medium,143.59,155.62,306
307,Laura Williams,55,Female,West,13,Low,165.34,52.75,98,High,108.1,86.08,307
308,David Johnson,46,Female,Central,64,Low,167.2,112.51,62,Medium,125.82,95.41,308
309,Robert Williams,49,Male,Central,28,Low,188.92,50.98,80,Low,157.05,197.27,309
310,John Garcia,25,Male,North,42,Medium,117.7,108.75,87,Low,124.78,66.39,310
311,Robert Davis,27,Male,West,27,Medium,65.48,82.18,45,Low,25.82,51.65,311
312,Mike Lee,21,Male,North,15,Low,56.11,99.42,87,High,120.82,114.36,312
313,John Johnson,31,Male,West,18,High,75.17,17.25,35,Medium,184.73,97.42,313
314,Chris Williams,55,Male,Central,71,Low,41.11,84.13,97,Medium,42.26,156.62,314
315,Robert Martinez,63,Male,Central,56,Low,177.14,83.57,54,Low,69.44,25.7,315
316,Mike Garcia,27,Female,East,43,High,174.43,41.53,1,Low,12.07,108.95,316
317,John Lee,25,Male,Central,93,High,61.98,102.86,48,High,86.95,158.93,317
318,Robert Garcia,56,Female,South,11,Low,65.26,81.23,21,High,136.54,141.52,318
319,Sarah Brown,54,Male,North,53,Low,112.66,79.28,60,Medium,14.72,118.07,319
320,David Martinez,31,Male,South,20,Low,72.55,153.51,19,Medium,176.23,114.75,320
321,Jane Brown,36,Male,West,9,Medium,15.61,100.29,54,High,66.71,102.76,321
322,Katie Jones,20,Male,Central,75,High,15.59,125.2,88,Low,13.27,39.07,322
323,Robert Miller,34,Female,South,70,High,185.66,115.16,21,Low,42.84,110.07,323
324,Sarah Lee,54,Male,South,14,Medium,164.34,180.74,15,High,78.81,28.14,324
325,Emily Williams,20,Female,Central,53,High,163.98,152.13,4,Medium,140.02,157.98,325
326,Laura Brown,55,Female,Central,95,Low,78.29,73.35,72,Medium,52.94,182.09,326
327,David Martinez,35,Female,North,20,Medium,77.9,112.47,54,Medium,88.03,11.2,327
328,Robert Jones,39,Male,Central,24,Medium,123.69,189.6,80,Low,175.65,36.13,328
329,Katie Miller,39,Female,East,87,Low,171.69,128.0,26,High,161.83,102.16,329
330,Robert Brown,47,Female,East,78,High,12.68,172.21,29,Low,185.67,180.92,330
331,Robert Smith,31,Male,East,58,Medium,40.01,153.9,68,High,71.18,175.29,331
332,Robert Smith,51,Female,East,37,Medium,20.24,36.68,45,Low,115.14,139.04,332
333,Sarah Miller,46,Male,North,86,Low,161.75,105.88,93,High,39.68,65.9,333
334,Emily Davis,49,Male,East,81,Low,55.84,143.44,47,High,56.29,127.76,334
335,John Garcia,67,Female,Central,73,Medium,157.22,117.62,9,High,144.25,68.31,335
336,Jane Lee,31,Female,East,32,Low,116.52,109.9,27,Low,12.45,190.76,336
337,Chris Lee,59,Male,West,55,Medium,180.78,95.3,95,Medium,133.7,12.97,337
338,Jane Davis,23,Male,West,91,High,66.6,195.33,94,Low,151.57,185.33,338
339,Sarah Jones,40,Female,East,65,Medium,24.02,150.76,99,Medium,87.7,197.25,339
340,Katie Smith,44,Female,East,44,Low,168.22,147.96,81,High,107.01,156.31,340
341,Emily Miller,31,Female,West,63,Low,174.85,29.59,42,High,135.86,41.92,341
342,Robert Lee,26,Female,North,12,Low,125.76,186.22,70,Low,50.96,44.95,342
343,David Lee,69,Male,South,10,Medium,111.77,109.12,87,Medium,134.35,110.07,343
344,Laura Smith,49,Female,North,9,Medium,136.91,195.66,89,Low,11.3,67.6,344
345,John Williams,28,Male,South,67,Medium,83.14,57.74,66,Low,13.11,144.69,345
346,John Smith,33,Male,West,92,Medium,98.13,41.99,73,High,125.56,125.05,346
347,Robert Davis,52,Male,North,42,Medium,199.66,104.75,68,Medium,83.49,96.41,347
348,Chris Smith,20,Female,West,11,High,75.12,199.65,21,Medium,29.99,73.33,348
349,Robert Williams,47,Female,Central,64,Medium,178.35,19.79,54,Medium,133.13,81.95,349
350,Jane Johnson,60,Male,West,63,Low,154.95,36.07,14,Low,63.62,183.89,350
351,Robert Davis,51,Female,Central,68,Low,69.43,84.09,27,High,34.25,53.19,351
352,Sarah Martinez,64,Male,West,13,Medium,144.61,88.07,94,Medium,104.61,98.88,352
353,Laura Lee,30,Male,East,83,Low,168.61,180.99,54,Low,172.22,76.5,353
354,Emily Williams,35,Male,West,40,Medium,99.01,26.22,47,Low,24.81,67.8,354
355,Chris Davis,38,Male,Central,95,Low,71.78,135.26,10,High,122.19,197.61,355
356,Jane Davis,73,Male,West,78,High,28.96,158.2,8,High,121.2,87.78,356
357,Sarah Brown,74,Female,South,44,Medium,144.53,169.0,2,Medium,100.69,86.82,357
358,Robert Jones,33,Female,West,14,Low,177.17,176.8,46,Low,182.67,181.12,358
359,Laura Garcia,52,Female,West,30,Medium,20.02,37.31,51,Medium,65.34,142.43,359
360,Jane Jones,22,Female,Central,78,High,85.6,165.65,72,High,160.35,145.91,360
361,John Davis,20,Female,West,77,Low,146.07,162.44,98,Medium,16.92,182.71,361
362,Emily Lee,19,Male,Central,66,Medium,171.78,141.02,39,High,99.75,133.46,362
363,Chris Johnson,49,Male,North,21,Medium,153.3,170.01,85,High,75.35,106.64,363
364,Jane Lee,30,Male,West,59,Medium,104.82,86.23,35,Medium,170.22,57.19,364
365,Katie Lee,18,Male,South,55,Medium,105.71,120.38,68,Medium,33.98,85.07,365
366,Robert Davis,32,Female,West,46,Medium,88.3,106.28,50,Medium,30.84,136.5,366
367,Chris Williams,39,Female,East,6,High,76.14,115.6,32,Medium,113.19,137.76,367
368,David Garcia,33,Male,Central,17,Medium,116.32,128.25,11,High,96.82,69.61,368
369,David Lee,41,Female,South,48,Medium,80.3,196.64,36,High,119.89,175.46,369
370,Sarah Johnson,66,Male,South,11,Medium,111.97,59.85,31,Low,197.96,84.14,370
371,Sarah Smith,31,Male,South,38,Low,118.43,39.56,48,High,87.26,110.53,371
372,Katie Jones,58,Female,West,67,High,162.92,139.54,80,Low,47.93,130.07,372
373,Katie Miller,24,Female,West,41,Low,98.26,35.6,32,Low,170.43,86.57,373
374,Chris Smith,63,Male,Central,43,High,185.51,53.97,78,Low,123.36,12.32,374
375,John Smith,63,Male,Central,62,Medium,66.54,100.5,1,Medium,37.87,67.29,375
376,Sarah Davis,42,Male,West,62,High,31.18,149.02,10,Low,74.83,138.52,376
377,Sarah Lee,45,Female,North,87,High,19.24,107.62,40,Medium,17.84,68.52,377
378,Chris Davis,70,Female,Central,63,Low,74.2,63.4,96,High,75.65,65.44,378
379,Sarah Williams,23,Male,South,2,High,25.19,175.14,35,Low,121.22,45.15,379
380,Chris Davis,59,Male,South,36,Medium,57.74,35.75,77,High,83.06,98.96,380
381,David Johnson,49,Female,East,5,Medium,140.73,199.52,2,Medium,13.0,147.72,381
382,Katie Brown,29,Male,North,69,High,159.37,82.12,50,High,93.05,179.33,382
383,David Johnson,55,Female,Central,21,Medium,161.0,126.84,25,High,53.54,176.73,383
384,Sarah Garcia,54,Female,East,46,Low,88.93,116.45,22,High,193.78,59.21,384
385,Jane Smith,73,Female,North,84,High,164.93,91.1,5,High,50.57,80.96,385
386,Katie Brown,19,Female,East,32,High,57.13,24.38,97,Low,41.27,147.53,386
387,Emily Martinez,20,Female,East,40,Medium,68.96,114.99,46,Medium,106.06,113.65,387
388,David Miller,42,Male,Central,84,Low,167.5,130.07,81,Low,157.92,32.45,388
389,John Lee,72,Male,East,98,Low,142.7,122.97,48,High,88.06,195.86,389
390,Emily Garcia,49,Male,South,66,Low,89.7,93.52,6,Low,192.38,160.82,390
391,Chris Smith,42,Female,East,7,Low,100.47,118.44,61,High,112.47,95.05,391
392,Katie Brown,65,Female,West,54,Low,147.55,150.27,63,High,127.61,149.07,392
393,David Martinez,45,Female,Central,29,High,181.19,136.18,33,High,34.85,78.7,393
394,Laura Martinez,48,Female,North,2,Medium,14.41,52.11,41,Low,105.21,122.57,394
395,John Smith,25,Male,West,84,Medium,154.74,144.61,89,Low,199.85,90.44,395
396,Katie Brown,40,Male,North,2,Medium,78.08,46.49,78,High,90.71,81.09,396
397,Sarah Williams,64,Male,East,53,Low,173.95,193.09,33,Low,97.8,49.72,397
398,Laura Martinez,68,Male,North,99,High,24.72,131.86,92,High,76.55,87.03,398
399,Laura Lee,45,Female,West,9,Low,195.45,149.19,50,High,153.03,197.99,399
400,Robert Johnson,41,Male,North,25,Low,142.44,52.72,93,High,111.58,22.07,400
401,David Davis,55,Female,South,45,Low,139.51,72.74,79,Medium,104.42,197.05,401
402,Emily Jones,36,Male,Central,52,Medium,182.17,63.61,64,Medium,116.88,138.74,402
403,Laura Davis,44,Female,South,46,Medium,57.79,13.78,98,Low,27.51,151.5,403
404,John Johnson,48,Male,South,48,Low,75.48,174.27,59,Low,132.23,10.32,404
405,Sarah Williams,64,Male,East,64,Medium,102.18,77.45,40,Low,41.34,36.3,405
406,Sarah Williams,73,Female,Central,97,Low,60.19,47.51,65,Low,166.43,114.24,406
407,Sarah Williams,49,Male,Central,58,Medium,183.91,177.37,10,High,21.11,46.49,407
408,Robert Williams,34,Female,West,86,High,111.68,103.2,31,Low,190.45,196.58,408
409,Sarah Davis,41,Female,East,15,Low,48.04,109.91,80,High,40.28,121.42,409
410,Jane Davis,62,Female,South,99,High,60.88,114.82,17,High,117.89,73.13,410
411,Katie Smith,36,Female,North,79,Low,114.19,100.15,81,Medium,179.42,49.46,411
412,John Brown,52,Female,North,17,Low,62.57,144.81,3,High,32.03,62.3,412
413,Katie Martinez,73,Male,South,85,Medium,139.17,115.33,82,High,20.07,139.84,413
414,Chris Williams,72,Male,West,77,Low,95.59,60.16,55,High,176.97,46.74,414
415,Robert Johnson,64,Female,East,49,Low,84.89,44.5,49,Medium,46.94,115.79,415
416,Robert Davis,72,Female,West,62,Medium,106.16,31.32,96,Medium,177.08,184.74,416
417,Jane Lee,50,Female,East,23,High,149.99,83.5,61,High,58.53,190.31,417
418,Sarah Brown,43,Male,North,2,Low,106.17,106.62,57,Medium,178.18,146.46,418
419,Laura Jones,63,Female,North,3,High,89.87,187.05,23,Low,153.11,155.17,419
420,Sarah Davis,28,Female,West,29,Low,106.76,174.46,44,Medium,47.48,39.03,420
421,Robert Johnson,68,Female,North,12,Medium,60.59,151.46,95,Low,48.35,125.04,421
422,Emily Lee,23,Female,South,21,Medium,188.48,195.11,46,High,27.45,21.26,422
423,Sarah Miller,68,Female,North,38,Medium,45.81,86.67,58,Medium,46.11,89.16,423
424,Sarah Garcia,32,Female,West,74,Medium,41.75,154.75,16,Medium,100.07,73.29,424
425,Chris Brown,34,Male,West,10,Low,25.67,120.96,87,High,123.55,88.67,425
426,Chris Lee,25,Male,North,38,High,166.23,194.97,38,Low,189.45,91.02,426
427,Katie Johnson,45,Male,West,31,Low,146.14,101.46,91,Low,121.91,181.89,427
428,Katie Miller,23,Male,West,66,High,95.5,52.7,48,Low,111.91,97.4,428
429,Mike Brown,48,Female,East,64,Medium,140.67,170.31,85,High,93.12,10.83,429
430,Sarah Williams,64,Male,Central,18,High,35.21,69.25,58,Medium,194.8,142.77,430
431,Chris Jones,49,Male,South,92,Medium,107.87,41.43,38,Low,115.41,153.62,431
432,Katie Miller,47,Female,East,13,Medium,120.09,180.4,87,Medium,107.75,190.37,432
433,David Brown,28,Male,South,18,Low,49.6,154.68,79,Medium,69.6,73.05,433
434,Katie Davis,32,Female,North,13,Low,39.2,195.98,26,High,184.27,30.02,434
435,Emily Johnson,49,Male,West,43,High,55.25,67.76,55,High,104.73,68.78,435
436,Mike Miller,68,Female,North,17,High,31.51,138.62,84,High,44.36,27.67,436
437,Sarah Brown,46,Male,Central,29,High,163.88,163.45,3,Medium,125.42,91.6,437
438,John Lee,50,Female,North,94,High,114.32,171.89,42,Low,66.29,80.38,438
439,Jane Garcia,32,Female,East,61,Medium,11.98,91.16,15,Low,119.72,176.48,439
440,John Johnson,71,Male,Central,79,Low,53.66,130.3,98,Low,140.55,183.38,440
441,Chris Lee,51,Female,North,21,High,22.57,187.47,89,High,150.38,11.18,441
442,Mike Martinez,22,Female,Central,50,High,42.51,108.85,22,Low,87.65,162.67,442
443,Emily Johnson,73,Female,South,36,High,84.55,112.98,67,High,39.59,167.53,443
444,David Brown,32,Male,North,33,Low,69.69,132.11,74,Low,178.57,187.13,444
445,Sarah Brown,39,Female,North,76,High,17.83,108.81,12,Low,19.19,199.56,445
446,Sarah Brown,43,Male,Central,85,Low,148.98,163.16,90,High,124.61,100.22,446
447,Katie Martinez,41,Female,West,27,Medium,143.07,19.19,26,High,31.34,191.71,447
448,Emily Miller,37,Female,West,93,High,87.65,79.35,90,High,140.84,73.25,448
449,Emily Miller,65,Male,West,46,Medium,106.11,52.03,71,Medium,62.1,105.7,449
450,Emily Davis,35,Female,South,33,Medium,28.33,187.76,8,Low,89.55,124.88,450
451,Sarah Martinez,36,Male,East,80,Medium,124.34,78.63,72,High,141.77,25.7,451
452,Katie Smith,56,Female,Central,25,Low,25.58,130.85,11,Low,23.98,169.88,452
453,John Martinez,73,Female,North,74,Low,42.62,189.6,78,Medium,19.85,139.24,453
454,Jane Lee,33,Male,South,37,Low,97.79,160.44,41,Medium,74.45,124.37,454
455,Jane Miller,25,Male,East,66,Medium,102.51,147.83,24,Medium,137.07,42.98,455
456,Sarah Williams,28,Male,Central,73,Medium,81.69,185.4,77,Low,130.33,15.03,456
457,Emily Smith,66,Male,North,33,Low,64.38,47.5,31,Low,188.92,158.51,457
458,Emily Lee,31,Male,North,31,High,96.46,194.5,68,Low,82.04,158.06,458
459,Sarah Lee,23,Male,South,25,Low,87.75,183.85,17,Medium,89.81,82.51,459
460,Laura Williams,54,Female,West,22,Medium,156.01,44.88,35,High,97.83,36.89,460
461,Mike Jones,52,Female,South,63,Medium,41.85,26.97,63,High,140.36,74.42,461
462,Sarah Smith,60,Male,West,74,Low,102.02,16.5,51,Low,85.68,140.39,462
463,David Johnson,59,Female,Central,42,Low,52.77,118.18,45,Low,71.77,147.13,463
464,Robert Garcia,59,Female,East,10,Low,121.16,118.51,39,High,123.85,72.28,464
465,Katie Brown,21,Female,West,8,Low,59.65,18.18,53,High,58.01,156.5,465
466,Jane Brown,36,Male,Central,78,Medium,80.13,166.67,14,High,98.39,193.53,466
467,Laura Jones,54,Female,East,4,High,150.9,197.5,34,Low,101.97,110.4,467
468,Jane Brown,20,Female,South,25,Low,22.1,17.81,47,Low,134.83,42.04,468
469,Robert Miller,37,Male,North,92,Low,154.47,59.75,7,High,166.61,40.58,469
470,Jane Brown,56,Female,North,96,Medium,193.82,106.7,66,High,29.58,101.35,470
471,John Lee,41,Male,East,6,Medium,18.36,29.12,11,High,23.18,197.45,471
472,Mike Garcia,56,Female,Central,90,Medium,149.79,125.98,15,Low,28.02,79.67,472
473,Mike Williams,75,Male,Central,100,Medium,86.02,62.35,17,Medium,151.82,172.0,473
474,Sarah Martinez,43,Female,East,1,Medium,134.34,175.67,12,Low,83.47,19.94,474
475,Jane Williams,50,Female,East,83,Low,98.21,97.76,97,Low,59.17,169.46,475
476,John Williams,20,Female,South,74,High,194.06,194.71,67,Medium,158.82,126.4,476
477,Emily Lee,74,Female,South,78,Low,165.03,76.38,11,High,152.9,162.68,477
478,David Williams,32,Female,West,52,High,152.19,117.96,23,Low,196.29,27.42,478
479,David Jones,65,Female,East,65,High,141.61,169.34,22,Medium,43.2,163.61,479
480,David Martinez,39,Female,South,38,High,114.66,114.34,14,High,150.4,156.24,480
481,Sarah Johnson,75,Female,East,53,High,175.84,73.9,37,Low,195.34,53.88,481
482,Laura Miller,30,Female,North,59,Low,150.74,91.89,28,Medium,128.36,45.3,482
483,John Miller,45,Male,South,41,Medium,27.99,23.38,26,High,37.26,46.94,483
484,Emily Miller,44,Female,Central,5,High,183.61,15.83,83,High,76.29,18.3,484
485,John Miller,40,Female,East,80,Low,52.59,123.56,65,Low,153.49,76.91,485
486,Chris Williams,37,Female,Central,42,Low,72.62,117.61,25,Medium,47.34,187.99,486
487,Chris Johnson,40,Female,South,25,Medium,105.27,74.24,22,Low,107.24,72.67,487
488,David Davis,30,Male,Central,40,Low,83.16,189.61,79,High,80.56,86.31,488
489,Chris Miller,18,Male,East,27,Low,49.11,122.72,9,Medium,169.23,183.59,489
490,John Garcia,47,Male,South,24,Low,110.7,185.83,52,High,124.73,123.91,490
491,David Lee,41,Male,South,60,Medium,148.72,166.03,6,High,93.61,66.91,491
492,Katie Davis,57,Female,West,63,Medium,102.61,113.95,33,Medium,173.01,36.55,492
493,Mike Johnson,50,Female,South,19,High,102.71,79.11,13,High,100.23,110.33,493
494,Emily Lee,19,Male,Central,78,Low,65.28,51.95,67,Medium,190.28,14.1,494
495,Sarah Williams,57,Female,Central,77,Medium,195.02,182.75,61,Low,24.58,152.18,495
496,Jane Brown,48,Female,North,71,High,87.35,113.89,79,Low,120.76,116.6,496
497,David Jones,41,Male,West,7,Medium,115.39,182.34,11,Medium,113.55,141.56,497
498,David Jones,66,Male,North,46,Low,42.13,199.76,97,Medium,107.49,143.04,498
499,David Martinez,40,Female,Central,96,Low,97.07,80.22,31,Low,43.93,61.03,499
500,Chris Smith,61,Male,East,87,Medium,171.15,181.23,1,Low,62.6,59.59,500
501,Laura Lee,69,Male,South,17,Low,31.78,73.54,66,Low,25.08,109.2,501
502,David Jones,58,Female,West,93,High,10.52,57.04,93,High,185.23,76.01,502
503,Jane Johnson,67,Female,North,35,Medium,77.09,134.22,86,Low,163.07,69.98,503
504,Laura Davis,69,Female,North,39,High,130.75,95.07,92,Medium,153.51,112.53,504
505,Chris Miller,23,Male,Central,13,High,125.22,136.4,53,Medium,46.71,162.03,505
506,Jane Smith,47,Male,East,90,Medium,68.79,81.73,34,High,11.95,52.28,506
507,Robert Brown,38,Female,North,85,High,89.18,49.1,17,Medium,157.74,38.2,507
508,Katie Lee,44,Male,North,21,Medium,76.23,170.37,68,Medium,82.87,145.75,508
509,John Johnson,39,Male,Central,19,Medium,93.15,174.55,47,Medium,76.81,171.88,509
510,John Johnson,25,Male,North,47,High,31.49,53.22,40,High,85.34,153.46,510
511,Laura Williams,48,Female,South,70,Medium,160.55,51.64,16,Medium,63.46,136.94,511
512,Mike Smith,25,Male,South,31,High,126.81,16.88,44,Medium,169.29,42.32,512
513,Katie Johnson,52,Female,Central,84,Medium,27.26,124.46,100,Low,126.04,135.91,513
514,Emily Jones,75,Female,South,53,High,68.35,131.16,16,Low,71.72,74.83,514
515,John Johnson,42,Female,Central,53,Medium,91.79,37.82,63,Low,182.06,72.84,515
516,Emily Lee,62,Male,West,59,High,51.18,189.6,6,High,100.82,48.3,516
517,Chris Garcia,58,Male,South,32,High,151.4,102.34,89,High,77.21,54.89,517
518,Katie Brown,54,Male,North,93,Low,24.89,31.77,84,High,32.51,62.08,518
519,Sarah Miller,59,Male,South,8,Low,90.26,180.27,53,Low,22.24,48.08,519
520,Jane Garcia,54,Female,East,40,Low,193.52,114.2,81,High,143.79,170.67,520
521,Jane Williams,18,Male,West,39,High,91.28,148.89,67,Medium,132.51,164.87,521
522,Chris Jones,37,Male,South,22,High,175.2,12.19,61,Low,29.64,14.77,522
523,Katie Garcia,27,Female,Central,82,Medium,144.53,146.99,17,Low,23.37,119.21,523
524,Emily Brown,33,Male,West,83,High,50.18,67.31,14,High,52.92,140.25,524
525,Emily Smith,47,Male,Central,45,Low,60.13,92.55,77,High,118.0,186.99,525
526,Robert Brown,19,Female,West,68,Medium,63.9,180.57,78,Low,53.34,96.2,526
527,John Brown,35,Male,South,52,High,112.2,126.19,97,High,103.39,180.47,527
528,Chris Martinez,70,Female,West,40,High,97.27,77.85,7,High,102.07,148.68,528
529,Emily Miller,24,Male,West,5,High,141.41,77.2,32,Low,81.24,27.01,529
530,David Miller,71,Female,West,34,Low,56.88,14.31,46,Medium,149.82,69.26,530
531,Emily Brown,70,Male,West,83,Medium,18.84,15.98,85,Medium,136.65,118.74,531
532,Laura Davis,48,Male,West,35,Low,161.86,101.53,1,Low,128.33,114.35,532
533,Robert Brown,54,Male,North,33,High,83.04,94.38,39,Low,158.52,195.85,533
534,Chris Garcia,52,Female,East,92,Medium,82.26,162.84,10,Medium,131.18,174.89,534
535,Katie Smith,51,Male,Central,61,Low,119.54,42.04,6,Low,134.08,58.22,535
536,Emily Johnson,23,Female,Central,76,High,48.11,80.96,11,Medium,129.82,150.73,536
537,Robert Davis,21,Female,West,20,High,22.01,93.9,24,High,154.34,122.14,537
538,Katie Williams,53,Female,South,79,Medium,98.07,165.61,55,High,127.89,122.55,538
539,David Williams,66,Female,South,39,Medium,126.51,96.09,81,High,65.41,30.97,539
540,Sarah Miller,23,Male,South,98,Medium,40.12,70.93,20,High,44.68,39.91,540
541,Robert Jones,28,Male,South,9,High,117.22,128.16,33,Medium,110.89,139.28,541
542,Emily Davis,21,Female,South,53,High,59.07,20.76,41,Low,177.13,119.5,542
543,Chris Lee,48,Male,Central,26,Medium,59.92,37.41,99,High,184.81,77.55,543
544,Sarah Jones,57,Female,East,82,Low,178.62,197.17,73,Low,52.57,146.56,544
545,Chris Smith,51,Male,East,37,Low,62.15,100.69,28,Low,145.03,29.96,545
546,Robert Lee,28,Female,East,15,Low,107.2,199.87,43,Low,159.23,97.57,546
547,Sarah Smith,52,Female,Central,48,High,43.39,108.75,10,Low,60.23,38.56,547
548,Katie Smith,57,Female,South,32,High,129.21,19.79,36,Medium,178.76,194.55,548
549,John Brown,65,Female,East,12,Low,54.25,112.58,31,Low,171.44,68.45,549
550,John Johnson,25,Female,Central,33,Medium,116.88,123.99,10,Low,197.01,66.96,550
551,Jane Garcia,43,Male,East,13,Medium,194.83,130.61,74,Medium,59.68,30.96,551
552,Emily Smith,41,Female,South,35,Medium,96.46,139.5,98,High,189.72,162.1,552
553,Katie Jones,37,Female,Central,42,Low,32.8,180.22,47,Medium,86.04,72.85,553
554,Laura Smith,75,Male,East,60,High,130.25,142.69,100,Low,15.78,130.91,554
555,David Williams,30,Female,East,38,High,164.79,77.57,39,High,51.64,87.82,555
556,John Smith,20,Male,West,51,Low,104.94,70.54,43,Medium,167.8,109.23,556
557,Mike Davis,73,Male,South,85,Low,34.05,163.93,40,Medium,96.27,196.24,557
558,Emily Williams,56,Female,North,30,High,85.48,173.98,19,Low,170.3,194.44,558
559,Jane Martinez,60,Female,Central,65,Low,45.14,60.3,21,Low,166.25,62.62,559
560,Katie Garcia,68,Female,West,59,Medium,153.1,16.72,75,Medium,23.64,171.28,560
561,Mike Johnson,36,Female,Central,56,High,165.23,132.4,44,Medium,158.94,108.19,561
562,Katie Williams,25,Male,Central,13,Medium,54.64,162.79,51,Low,157.39,170.41,562
563,Robert Lee,62,Female,East,71,Low,144.28,27.27,14,Low,76.73,57.72,563
564,Sarah Brown,55,Female,East,100,High,122.92,171.7,37,Medium,198.35,69.24,564
565,Emily Williams,36,Female,South,10,Medium,158.0,105.89,87,Medium,26.31,28.8,565
566,John Jones,35,Female,North,77,High,39.25,137.07,58,High,79.98,171.04,566
567,Robert Williams,58,Female,Central,98,High,131.14,11.4,92,High,107.18,109.33,567
568,Chris Williams,69,Female,North,19,Low,20.3,137.21,50,Low,192.52,10.03,568
569,Mike Johnson,69,Female,North,48,High,153.91,117.36,69,High,73.8,189.2,569
570,Katie Brown,20,Female,South,46,Medium,132.45,120.7,51,Low,169.61,66.7,570
571,Robert Garcia,75,Male,South,9,High,54.62,129.41,86,Medium,192.48,140.76,571
572,Robert Davis,62,Male,North,63,High,159.46,50.16,20,Medium,190.65,155.42,572
573,Sarah Garcia,60,Female,Central,47,Low,130.06,139.29,11,Low,25.25,31.21,573
574,Katie Martinez,38,Female,East,59,Low,116.18,54.29,85,Low,155.99,180.59,574
575,Robert Lee,42,Male,East,68,Low,11.17,47.16,49,Low,198.68,194.43,575
576,Katie Smith,53,Female,East,47,Low,129.8,185.03,99,Low,157.82,190.99,576
577,John Williams,18,Female,Central,50,High,64.83,126.45,71,High,163.0,60.59,577
578,David Brown,75,Male,South,38,Medium,79.56,69.59,77,High,63.97,132.67,578
579,Emily Smith,31,Male,Central,75,High,177.48,180.41,73,Low,148.28,191.68,579
580,Laura Johnson,61,Male,North,68,High,13.87,19.63,39,Low,111.21,189.53,580
581,John Smith,34,Male,South,27,Low,171.32,150.5,2,Medium,98.9,180.19,581
582,Emily Smith,68,Male,Central,46,Low,68.08,108.71,33,Medium,46.64,68.63,582
583,Emily Williams,50,Female,South,86,High,161.44,114.54,30,Low,150.33,43.6,583
584,Chris Jones,18,Female,East,35,High,57.69,133.84,76,High,114.03,116.53,584
585,Chris Lee,45,Male,West,81,Low,184.73,121.77,3,Low,152.6,192.23,585
586,John Martinez,56,Male,South,37,High,18.12,173.6,95,High,38.56,161.55,586
587,Mike Lee,34,Male,West,77,Medium,174.2,118.75,76,Medium,144.19,95.32,587
588,Jane Lee,52,Female,Central,28,Low,191.91,24.8,96,Medium,155.45,125.69,588
589,John Davis,35,Male,East,83,High,154.49,12.55,60,High,162.81,39.22,589
590,Chris Miller,73,Male,North,96,High,96.32,56.34,82,Medium,93.79,57.99,590
591,Katie Garcia,61,Male,North,47,High,134.78,93.85,59,High,22.39,44.15,591
592,Robert Martinez,49,Male,South,6,Low,87.93,142.65,14,High,31.28,31.21,592
593,Robert Johnson,31,Female,West,14,High,197.19,137.96,96,Low,138.23,68.09,593
594,John Miller,51,Female,North,28,Medium,82.05,76.51,70,Medium,105.79,182.37,594
595,John Miller,36,Male,North,98,Medium,172.27,91.64,61,Medium,84.19,154.24,595
596,Chris Jones,24,Male,East,44,High,48.84,165.67,37,Low,27.3,87.66,596
597,Mike Williams,58,Female,East,8,Medium,41.96,51.46,55,Low,72.43,186.38,597
598,Mike Smith,40,Male,East,51,Medium,38.0,179.15,30,Low,50.39,51.75,598
599,Robert Garcia,38,Male,West,81,Low,17.63,164.73,85,Medium,48.53,83.74,599
600,Jane Martinez,58,Male,West,17,High,125.07,89.41,63,High,110.94,175.95,600
601,John Lee,34,Male,Central,32,Low,90.72,70.58,41,Low,96.22,135.51,601
602,Mike Lee,33,Female,East,96,Medium,198.44,185.76,95,Medium,79.06,73.89,602
603,Katie Johnson,61,Male,Central,28,High,180.17,89.51,73,Low,69.71,132.97,603
604,Jane Brown,48,Male,South,34,High,105.67,19.98,84,Medium,183.75,35.81,604
605,Katie Davis,32,Female,South,73,Medium,197.77,192.27,3,Medium,185.32,74.33,605
606,Sarah Lee,62,Male,South,71,Medium,177.58,51.25,57,Low,52.72,116.57,606
607,Katie Williams,66,Female,North,22,High,88.87,24.55,58,High,59.69,44.56,607
608,Laura Brown,28,Male,South,58,Medium,58.83,17.32,40,Low,44.41,165.19,608
609,Emily Jones,74,Male,North,15,High,36.13,173.34,41,Low,100.44,130.57,609
610,Sarah Lee,67,Male,South,91,High,110.77,186.01,5,Low,160.92,99.64,610
611,Katie Williams,31,Female,South,34,High,51.59,104.14,76,Low,107.03,186.54,611
612,Laura Smith,71,Female,South,74,Medium,39.63,108.33,25,Medium,59.58,49.08,612
613,David Lee,52,Female,West,71,Low,44.01,61.84,69,High,155.82,81.89,613
614,Robert Martinez,48,Male,North,75,Medium,130.11,57.39,16,Medium,37.49,199.85,614
615,Jane Jones,58,Female,North,20,Low,54.96,115.51,51,Medium,45.42,143.24,615
616,Robert Martinez,65,Male,Central,16,Low,75.45,192.58,20,Low,72.4,146.09,616
617,Emily Smith,49,Male,South,62,Medium,138.73,176.09,34,Medium,98.6,55.88,617
618,David Miller,73,Male,South,8,Low,167.13,47.64,43,High,10.7,195.94,618
619,Mike Jones,23,Male,South,49,Low,41.57,78.87,12,High,101.17,167.75,619
620,Katie Brown,60,Male,South,70,Low,16.63,165.74,9,Low,42.26,42.77,620
621,Jane Miller,48,Female,East,81,Medium,34.59,96.26,15,High,131.21,36.71,621
622,Jane Jones,32,Female,South,25,Medium,148.67,185.47,7,High,78.51,14.06,622
623,Robert Miller,45,Female,East,87,High,164.18,99.13,7,High,89.93,49.54,623
624,Emily Martinez,58,Female,East,21,Low,120.88,14.91,5,High,113.06,71.62,624
625,John Garcia,53,Male,East,82,Medium,57.85,44.99,37,Low,101.55,133.05,625
626,Emily Garcia,20,Male,East,31,High,199.67,95.03,79,High,107.99,51.35,626
627,Mike Brown,39,Male,West,69,Low,127.49,94.44,72,Medium,46.53,181.43,627
628,Katie Davis,65,Male,South,63,Medium,165.5,94.1,87,High,37.22,109.84,628
629,Jane Martinez,62,Male,North,84,High,182.38,112.52,97,Medium,37.38,78.28,629
630,Jane Smith,40,Male,East,13,Medium,90.67,88.49,85,Medium,131.71,129.41,630
631,David Davis,72,Female,East,96,Low,190.5,127.81,41,Low,43.19,75.24,631
632,Katie Davis,58,Female,East,70,Medium,31.35,99.7,57,Medium,51.05,128.76,632
633,David Williams,58,Female,South,69,High,15.17,170.93,82,High,155.2,30.86,633
634,Katie Martinez,62,Female,Central,56,Medium,41.0,149.26,58,High,81.83,70.87,634
635,Katie Williams,51,Male,West,54,Low,48.35,181.24,8,Low,89.99,17.25,635
636,David Lee,18,Female,Central,92,Low,155.76,99.5,18,Low,112.97,62.41,636
637,Emily Lee,75,Male,South,79,Low,30.68,55.83,21,High,67.54,155.46,637
638,Laura Williams,66,Male,East,95,High,106.05,186.32,51,Low,20.36,130.36,638
639,Laura Brown,58,Female,West,1,Low,182.64,133.57,46,Low,102.77,102.74,639
640,Katie Martinez,43,Male,East,92,Medium,196.69,56.45,46,High,199.46,124.03,640
641,David Smith,39,Female,Central,58,Low,83.31,162.31,39,Medium,185.53,86.65,641
642,Chris Lee,71,Female,West,5,Medium,162.83,142.23,57,Medium,36.69,154.23,642
643,Emily Jones,57,Male,West,46,Low,81.85,176.21,58,Medium,60.78,107.5,643
644,David Williams,65,Female,South,85,High,109.69,108.25,16,Low,151.46,107.19,644
645,Jane Brown,20,Male,North,6,Low,78.35,104.83,85,High,198.53,133.2,645
646,David Miller,48,Male,East,49,High,119.21,70.59,56,Medium,157.85,175.89,646
647,Robert Smith,25,Female,East,70,Low,191.29,196.58,38,Medium,164.91,39.42,647
648,Robert Lee,52,Female,East,36,Low,94.18,31.64,88,High,197.08,49.74,648
649,Katie Johnson,71,Male,North,69,Low,69.69,70.51,7,Low,175.52,51.32,649
650,Robert Williams,25,Female,East,67,High,105.03,105.26,37,Medium,93.29,160.45,650
651,David Williams,29,Male,West,32,Medium,155.82,108.92,30,Medium,169.68,81.65,651
652,John Brown,60,Female,South,31,Low,128.42,184.37,81,High,112.6,49.64,652
653,Sarah Johnson,41,Female,North,12,High,170.0,54.41,94,Medium,116.86,118.65,653
654,Jane Jones,24,Male,East,14,High,177.65,120.98,56,High,61.09,96.87,654
655,Katie Miller,32,Male,North,51,Medium,91.29,30.51,13,Medium,106.42,121.21,655
656,Jane Johnson,62,Male,Central,87,Low,99.71,90.31,66,Medium,12.69,119.86,656
657,Robert Martinez,19,Female,Central,41,Low,180.86,184.59,2,Low,106.44,177.96,657
658,Laura Jones,60,Male,West,41,Medium,128.4,119.71,41,High,108.55,56.99,658
659,David Brown,47,Female,North,52,Medium,154.1,134.4,11,Medium,40.14,49.54,659
660,Katie Miller,73,Female,South,79,Medium,37.74,57.3,89,High,153.3,57.08,660
661,David Garcia,64,Female,West,82,Medium,75.35,189.95,61,High,26.82,161.13,661
662,Jane Jones,53,Female,North,76,High,89.97,93.96,67,Low,157.42,140.87,662
663,Mike Martinez,66,Female,North,68,Medium,74.08,187.58,66,Low,116.36,51.25,663
664,Chris Garcia,33,Male,Central,93,Low,123.32,168.12,36,Low,139.74,155.35,664
665,Katie Jones,30,Male,Central,14,High,92.9,119.89,25,Medium,178.67,50.17,665
666,Katie Jones,57,Female,North,14,High,11.97,165.27,56,Medium,102.69,155.34,666
667,Mike Jones,27,Female,East,71,Medium,41.02,73.33,3,High,132.07,129.78,667
668,Mike Jones,22,Male,West,33,High,138.25,64.8,30,Low,53.76,62.35,668
669,David Johnson,59,Female,South,45,High,122.36,75.08,18,High,193.27,152.5,669
670,Chris Lee,49,Male,Central,88,Low,26.85,62.62,79,Low,151.5,158.19,670
671,Laura Jones,37,Male,Central,54,Low,119.91,40.4,71,High,84.89,43.71,671
672,Jane Martinez,67,Male,Central,11,Low,186.13,162.6,30,Low,134.72,115.4,672
673,Sarah Jones,65,Male,South,83,Medium,67.57,107.08,94,Low,31.2,186.9,673
674,Jane Brown,31,Female,East,40,High,12.83,47.66,81,Medium,50.42,47.76,674
675,Jane Martinez,69,Female,East,60,Low,81.15,104.07,98,High,163.89,107.44,675
676,Emily Williams,27,Female,Central,86,Medium,72.28,146.91,71,Low,137.96,29.62,676
677,Jane Davis,42,Female,West,26,Low,199.08,107.63,26,Medium,116.95,118.45,677
678,Sarah Miller,73,Female,West,74,Medium,117.88,178.83,6,High,129.07,92.73,678
679,Katie Johnson,58,Male,South,94,Low,187.88,127.47,12,Medium,114.83,72.57,679
680,Chris Brown,20,Female,North,60,High,27.06,196.57,46,Low,81.04,108.37,680
681,Jane Williams,55,Male,Central,13,Low,82.81,27.35,62,High,147.63,148.03,681
682,Chris Garcia,44,Female,West,86,Low,57.51,148.04,15,Low,104.8,92.2,682
683,Jane Davis,72,Male,Central,39,Medium,56.72,184.8,74,Medium,22.83,86.43,683
684,Robert Lee,51,Male,West,35,Medium,61.88,199.08,37,Low,28.3,47.64,684
685,Mike Johnson,71,Female,South,19,Low,98.55,61.4,68,Medium,80.83,113.82,685
686,Sarah Brown,74,Male,West,9,Low,86.72,95.98,50,High,19.59,87.08,686
687,Emily Smith,43,Male,West,68,High,32.97,114.58,27,Low,35.4,184.49,687
688,Mike Smith,50,Male,North,42,High,18.49,44.49,63,Medium,81.8,145.22,688
689,Katie Johnson,72,Female,East,91,High,34.53,11.95,28,Low,111.02,15.21,689
690,Emily Miller,70,Female,East,41,High,89.44,51.89,56,Medium,28.53,127.93,690
691,Chris Davis,53,Female,North,44,Low,99.53,114.8,89,High,120.45,126.17,691
692,Laura Brown,48,Male,East,13,High,125.28,124.68,73,Medium,121.65,148.68,692
693,John Williams,36,Male,North,44,High,183.6,198.1,82,Low,70.84,145.89,693
694,Chris Martinez,70,Female,East,29,High,145.53,99.3,43,Low,61.44,36.85,694
695,Sarah Lee,23,Female,Central,72,Medium,187.01,111.02,11,Medium,15.83,90.48,695
696,Laura Lee,60,Female,North,49,High,24.38,147.65,18,Medium,33.19,106.31,696
697,Emily Johnson,26,Male,Central,28,Low,50.24,24.57,72,Medium,12.98,132.01,697
698,Sarah Brown,45,Female,West,77,Medium,150.17,52.65,64,High,30.85,157.67,698
699,Chris Smith,48,Male,East,64,Low,148.49,195.48,86,Medium,98.33,71.67,699
700,Mike Lee,67,Male,West,29,Low,89.09,188.21,91,Low,109.09,125.64,700
701,Sarah Jones,60,Male,Central,61,Low,20.48,10.15,63,High,92.03,78.78,701
702,David Miller,41,Male,Central,55,Low,147.62,92.83,13,High,125.78,83.15,702
703,John Smith,46,Male,South,88,High,98.81,125.96,3,Low,190.58,36.27,703
704,Robert Lee,29,Female,East,39,Medium,90.65,152.14,19,High,36.3,172.88,704
705,Katie Jones,24,Female,East,93,Low,179.38,26.44,100,High,132.27,100.71,705
706,Chris Williams,66,Female,Central,88,Medium,138.22,156.91,21,High,113.39,85.04,706
707,John Brown,38,Male,South,51,Medium,155.17,20.38,28,Low,96.47,197.15,707
708,Chris Miller,55,Male,South,10,Medium,157.58,90.65,83,Medium,52.64,81.84,708
709,Sarah Davis,54,Male,North,69,High,102.93,67.57,66,High,76.61,70.66,709
710,Mike Lee,42,Female,East,84,Low,190.29,125.18,97,Low,194.7,189.71,710
711,Emily Smith,55,Female,Central,71,Medium,19.09,53.17,39,Medium,94.19,159.71,711
712,Laura Smith,26,Male,East,15,Medium,123.61,38.69,35,High,62.13,167.5,712
713,David Williams,56,Female,Central,18,High,156.2,129.04,6,Low,164.78,172.2,713
714,Chris Martinez,75,Female,South,4,Medium,197.14,59.45,30,Medium,133.17,156.96,714
715,Jane Davis,54,Male,East,34,High,187.18,69.4,26,Medium,161.5,190.52,715
716,Mike Johnson,28,Female,South,56,High,159.3,115.97,9,High,122.66,15.94,716
717,John Davis,33,Female,East,42,Low,131.49,191.79,43,Medium,92.83,30.33,717
718,Chris Johnson,70,Female,Central,31,Low,155.64,177.42,92,High,64.92,170.56,718
719,John Johnson,18,Male,South,100,Low,112.71,22.05,56,Low,198.46,133.76,719
720,Laura Martinez,59,Male,North,54,High,130.23,17.0,76,High,199.5,23.46,720
721,Laura Davis,61,Female,North,10,Low,45.44,107.99,49,Low,50.27,172.73,721
722,Katie Garcia,20,Male,South,19,High,184.0,118.73,3,Medium,195.18,156.97,722
723,Emily Miller,50,Male,East,52,High,172.57,145.44,1,Low,94.13,133.8,723
724,Jane Martinez,40,Female,South,100,High,48.88,31.77,74,Low,20.91,180.5,724
725,Katie Martinez,36,Female,Central,50,Medium,124.55,87.74,16,Medium,151.96,171.69,725
726,Mike Smith,46,Male,North,21,High,127.83,76.61,97,Medium,15.79,67.59,726
727,David Martinez,74,Female,Central,85,Medium,150.85,178.86,18,High,181.89,123.71,727
728,Sarah Jones,60,Male,West,86,Medium,124.44,110.54,50,Low,175.38,194.41,728
729,Jane Johnson,44,Male,North,89,High,41.17,104.86,10,Medium,69.33,45.79,729
730,John Jones,66,Male,North,99,High,81.29,98.08,39,Low,138.76,20.05,730
731,David Garcia,40,Female,East,100,Medium,26.36,184.0,72,Low,49.29,149.13,731
732,Robert Williams,52,Male,East,17,Medium,173.81,35.22,34,Medium,39.49,171.56,732
733,John Brown,41,Male,East,72,High,77.38,148.06,98,Medium,137.11,73.89,733
734,Jane Brown,43,Male,North,67,Low,127.31,141.34,13,Medium,28.09,190.04,734
735,Katie Jones,23,Male,East,53,High,92.99,57.42,61,Medium,139.89,47.62,735
736,Chris Smith,25,Male,West,24,High,84.61,16.26,76,Medium,11.08,112.43,736
737,Robert Williams,27,Male,East,37,Medium,19.51,187.32,8,Low,111.82,172.03,737
738,Sarah Lee,55,Female,South,100,Medium,71.2,191.18,3,Low,139.2,119.49,738
739,Sarah Garcia,59,Male,Central,24,Medium,165.24,199.83,12,Low,179.8,100.21,739
740,Emily Smith,64,Male,East,32,Medium,96.92,83.48,6,Medium,122.35,123.06,740
741,Jane Smith,30,Male,West,6,High,69.07,43.41,34,Medium,170.79,27.76,741
742,Laura Johnson,31,Female,South,31,High,122.9,31.16,2,Low,168.58,32.66,742
743,Sarah Smith,45,Male,West,44,Low,77.57,157.63,24,Low,64.78,23.99,743
744,Laura Lee,58,Male,South,13,High,54.31,54.67,39,Low,153.81,88.24,744
745,Robert Davis,42,Female,North,93,Low,198.15,128.56,93,Medium,161.49,191.67,745
746,Katie Smith,66,Female,Central,22,Medium,42.06,120.98,36,High,47.57,131.25,746
747,John Miller,65,Male,East,60,High,170.79,115.65,12,Medium,13.08,12.02,747
748,John Garcia,23,Male,West,54,High,171.99,64.07,38,Medium,73.65,36.9,748
749,Chris Jones,58,Female,West,40,High,60.97,153.26,45,Medium,152.09,74.13,749
750,Laura Martinez,43,Female,West,23,Low,25.51,148.84,63,Medium,167.05,59.01,750
751,Katie Jones,22,Male,North,3,Medium,188.05,195.35,4,Low,76.48,193.91,751
752,Katie Martinez,69,Female,East,86,Medium,131.38,17.59,68,Low,57.48,103.11,752
753,John Brown,36,Male,North,4,High,56.26,48.71,54,High,12.98,15.5,753
754,Katie Johnson,70,Male,East,20,Low,13.4,151.97,98,Medium,41.97,189.3,754
755,Emily Lee,29,Female,East,22,High,151.67,159.78,95,Medium,97.56,83.49,755
756,Jane Smith,64,Female,East,21,High,133.91,88.51,40,Medium,125.03,150.67,756
757,Katie Johnson,20,Male,West,66,High,51.02,112.76,1,Low,57.11,24.47,757
758,John Davis,62,Female,North,16,High,61.07,124.75,40,Medium,90.87,156.47,758
759,Katie Jones,30,Female,West,12,High,153.12,27.45,80,Low,70.41,89.21,759
760,Robert Davis,42,Male,North,57,Low,54.31,19.19,26,High,37.67,158.29,760
761,Emily Smith,59,Male,West,36,Low,110.2,128.62,89,High,61.13,159.42,761
762,John Brown,34,Male,North,59,High,154.44,145.43,93,High,22.04,158.16,762
763,Chris Garcia,45,Female,Central,83,Medium,137.87,143.78,21,Medium,35.73,16.6,763
764,Sarah Johnson,39,Male,South,96,High,183.59,44.96,8,Medium,58.13,63.96,764
765,Emily Garcia,67,Male,Central,3,High,155.9,29.01,77,Medium,27.08,86.08,765
766,Emily Garcia,51,Male,West,88,High,73.04,16.16,47,Medium,95.43,77.57,766
767,Robert Brown,35,Male,East,74,High,43.56,161.37,57,High,79.6,129.14,767
768,Emily Lee,70,Male,South,68,Medium,164.66,44.66,28,High,60.65,27.25,768
769,Jane Davis,52,Male,South,84,Low,149.22,161.47,37,Low,23.27,142.82,769
770,John Davis,58,Male,West,49,Medium,138.27,79.02,17,Low,173.1,182.99,770
771,John Johnson,65,Male,West,18,Low,30.78,152.0,25,Medium,18.65,46.73,771
772,Robert Smith,65,Female,North,85,Medium,127.08,72.91,71,Low,10.37,57.23,772
773,Laura Davis,60,Female,East,11,High,59.79,60.84,32,Low,156.03,35.24,773
774,David Johnson,23,Female,North,87,Medium,96.79,161.79,95,Low,159.93,179.16,774
775,Katie Jones,47,Female,West,85,High,144.92,115.34,7,High,98.46,179.19,775
776,Robert Martinez,24,Male,South,40,Medium,34.73,83.28,80,Medium,177.5,163.01,776
777,John Davis,74,Female,North,23,Medium,35.3,142.51,91,Low,188.61,156.02,777
778,John Miller,64,Female,South,44,High,158.67,11.67,8,High,98.46,52.33,778
779,John Martinez,57,Female,East,48,Low,174.17,137.71,39,High,153.22,67.98,779
780,John Martinez,38,Female,North,45,High,131.21,57.56,94,Low,120.94,132.97,780
781,Robert Brown,42,Female,West,28,Low,105.24,136.48,13,Low,168.47,197.01,781
782,Sarah Brown,41,Female,East,57,Medium,145.96,64.91,5,Low,41.47,126.92,782
783,Laura Williams,50,Male,Central,61,Medium,195.18,127.81,79,High,97.51,50.03,783
784,Emily Davis,46,Male,East,35,Medium,167.39,152.47,34,High,108.4,47.42,784
785,David Johnson,37,Male,North,75,High,149.71,173.62,78,Low,58.23,32.81,785
786,Sarah Jones,43,Male,South,5,High,160.89,85.04,7,High,170.3,128.2,786
787,Laura Miller,45,Male,Central,39,Low,80.41,19.85,41,Medium,121.34,162.08,787
788,Emily Davis,40,Female,North,95,Low,93.52,73.19,39,Low,151.85,174.25,788
789,Jane Davis,25,Female,North,54,High,48.41,56.32,39,Medium,68.04,196.96,789
790,Laura Miller,54,Male,West,36,Medium,162.01,22.49,88,High,148.15,90.57,790
791,Robert Johnson,42,Male,South,84,Low,92.49,56.29,42,Medium,49.2,104.01,791
792,Sarah Martinez,31,Male,North,97,Medium,176.12,133.45,39,High,77.94,108.47,792
793,John Johnson,65,Female,Central,42,High,158.32,29.18,38,Medium,62.12,42.83,793
794,John Smith,67,Female,East,1,Low,135.25,139.78,82,Low,21.22,40.71,794
795,Laura Lee,73,Male,Central,63,High,27.72,64.75,100,High,182.13,80.8,795
796,Mike Jones,63,Male,West,58,High,30.43,46.9,46,Medium,25.14,165.05,796
797,Sarah Williams,44,Female,West,48,Medium,100.32,58.98,87,High,29.49,65.66,797
798,Sarah Garcia,41,Male,East,97,High,47.25,77.91,28,Medium,16.01,198.75,798
799,Mike Jones,64,Female,Central,80,Medium,115.38,134.6,73,Medium,147.81,82.85,799
800,Emily Jones,54,Male,Central,16,High,123.73,194.05,6,High,103.09,110.6,800
801,Katie Williams,42,Female,South,77,Low,174.57,53.92,81,High,125.45,77.81,801
802,Jane Garcia,55,Male,South,31,High,124.61,131.47,77,High,183.73,150.72,802
803,Mike Williams,67,Male,West,27,Low,88.92,85.63,20,Medium,165.6,95.49,803
804,John Martinez,53,Male,Central,62,Low,19.85,60.25,4,High,71.69,123.15,804
805,John Jones,47,Male,South,39,High,33.2,44.43,21,Low,85.62,29.99,805
806,John Jones,67,Female,Central,62,High,119.69,69.18,44,Low,186.63,50.96,806
807,Mike Miller,42,Female,Central,19,Low,62.23,132.94,26,Medium,23.74,165.8,807
808,Sarah Lee,71,Male,Central,97,High,43.23,15.75,8,Medium,70.08,107.39,808
809,Chris Johnson,21,Male,Central,48,Low,158.97,83.86,70,High,83.87,77.64,809
810,Emily Williams,69,Female,West,68,Medium,21.58,176.85,64,Medium,64.1,60.82,810
811,Jane Jones,21,Male,North,93,Low,95.87,77.98,6,High,182.69,110.65,811
812,Mike Martinez,64,Female,South,77,High,148.93,64.05,3,Low,182.51,78.43,812
813,Chris Lee,26,Male,Central,6,Low,120.76,162.66,77,Low,117.09,23.37,813
814,David Lee,33,Female,Central,40,Low,196.9,194.96,84,Low,52.43,151.37,814
815,Emily Jones,65,Male,South,75,High,27.78,44.09,59,Low,70.24,148.08,815
816,Jane Miller,56,Female,North,83,High,106.58,127.78,32,High,162.28,146.05,816
817,John Garcia,29,Male,North,21,High,195.89,140.07,33,High,92.12,38.53,817
818,Jane Davis,49,Male,South,14,High,125.39,118.07,40,Low,51.29,125.33,818
819,Mike Davis,50,Male,West,54,Low,128.63,17.5,81,High,95.37,154.53,819
820,John Martinez,65,Female,South,96,Medium,176.24,122.95,41,Medium,145.78,163.74,820
821,Robert Davis,39,Female,South,25,Medium,158.43,61.78,2,Medium,180.12,60.4,821
822,Chris Johnson,64,Female,West,2,High,94.95,55.68,12,Low,110.15,11.7,822
823,Robert Lee,24,Male,Central,22,Low,126.34,151.37,100,Medium,184.24,187.6,823
824,Katie Johnson,47,Female,West,52,High,95.46,160.55,45,Medium,57.48,116.87,824
825,David Davis,75,Female,Central,84,Medium,145.81,101.34,40,High,72.61,25.09,825
826,David Miller,67,Male,East,54,Low,179.39,135.19,91,Medium,175.94,127.82,826
827,Chris Williams,45,Female,East,45,High,33.2,58.1,78,Low,150.58,73.8,827
828,Katie Lee,21,Female,North,73,High,14.27,87.13,78,Low,121.71,162.1,828
829,Emily Smith,51,Male,South,88,Low,82.16,66.87,50,Medium,32.06,198.39,829
830,Emily Martinez,69,Female,West,75,Medium,134.57,159.43,69,High,77.49,39.23,830
831,Robert Davis,35,Female,East,28,Medium,37.27,14.39,24,Low,87.73,76.08,831
832,Katie Smith,31,Male,East,39,Low,34.48,35.01,18,Medium,194.5,23.76,832
833,Mike Smith,31,Male,South,7,Low,143.22,45.56,11,Low,74.0,127.89,833
834,Sarah Brown,30,Female,Central,69,High,167.89,94.13,42,High,157.36,125.03,834
835,Katie Miller,29,Female,North,91,Low,64.42,97.34,3,Medium,153.23,148.53,835
836,John Smith,27,Male,East,34,Medium,63.6,43.5,11,Low,180.72,29.52,836
837,David Williams,63,Female,North,19,Low,157.88,65.69,53,Medium,144.56,108.82,837
838,Jane Brown,28,Female,North,37,Low,28.23,193.08,72,Low,154.55,100.9,838
839,Emily Jones,58,Female,North,100,Low,99.83,106.99,41,Low,52.6,180.03,839
840,Sarah Williams,56,Female,South,23,High,188.25,19.82,45,Medium,82.86,161.74,840
841,Laura Smith,44,Male,West,76,Low,99.3,95.45,65,Medium,35.27,15.99,841
842,Mike Davis,33,Female,West,88,Medium,25.59,185.36,12,High,68.25,138.41,842
843,Katie Davis,63,Female,East,14,High,27.33,79.1,31,High,80.64,120.39,843
844,John Williams,52,Female,East,8,Low,80.04,79.94,70,Medium,197.77,61.36,844
845,Robert Davis,48,Male,North,49,Low,123.55,14.57,87,Medium,142.71,67.4,845
846,Robert Brown,61,Female,South,3,High,80.11,18.73,65,Medium,76.93,166.36,846
847,Jane Martinez,24,Male,West,79,High,86.06,169.14,20,Medium,27.09,122.3,847
848,Laura Brown,19,Male,South,73,Medium,112.06,140.08,67,Medium,157.87,152.94,848
849,John Brown,34,Male,North,33,Low,56.15,158.12,45,High,69.08,137.53,849
850,David Smith,24,Male,West,55,Low,21.84,155.96,63,High,160.25,37.57,850
851,Sarah Davis,56,Male,Central,21,Medium,187.53,175.79,3,Medium,143.46,10.72,851
852,Robert Lee,19,Male,Central,73,High,61.7,38.68,83,High,62.52,44.83,852
853,David Smith,62,Male,West,96,Medium,59.87,33.49,21,Low,79.99,101.27,853
854,Mike Miller,38,Female,Central,58,High,151.73,196.98,53,Medium,145.83,177.63,854
855,Katie Davis,66,Male,East,35,High,59.5,120.89,16,Low,155.64,60.62,855
856,John Davis,51,Female,South,84,High,72.47,134.87,56,Low,53.85,182.02,856
857,Robert Jones,46,Male,South,47,Medium,150.85,148.01,5,Low,74.22,15.63,857
858,Jane Martinez,40,Female,Central,19,High,175.29,135.2,5,Low,78.69,134.82,858
859,David Smith,50,Female,West,7,Medium,34.85,55.19,26,Low,157.14,144.66,859
860,John Brown,68,Female,Central,52,High,54.2,20.5,74,High,70.31,153.88,860
861,Laura Johnson,62,Female,East,31,Medium,179.58,135.2,8,Low,10.21,179.84,861
862,Laura Lee,27,Female,North,48,Medium,85.48,57.54,36,High,19.71,102.01,862
863,Robert Lee,60,Male,South,53,High,42.61,110.75,64,Medium,142.23,169.55,863
864,Emily Miller,31,Female,South,78,High,166.94,53.1,70,High,40.4,179.66,864
865,Sarah Miller,36,Male,East,62,Medium,74.49,151.35,97,High,59.14,31.51,865
866,David Smith,44,Female,West,26,Medium,45.19,113.45,42,Medium,178.26,83.81,866
867,Katie Martinez,54,Female,Central,78,High,44.93,74.49,54,Low,179.08,176.67,867
868,Emily Miller,26,Female,North,73,Medium,182.56,62.07,15,High,163.27,149.88,868
869,Laura Williams,63,Male,South,6,High,169.21,12.87,100,Medium,198.12,159.26,869
870,Sarah Smith,32,Female,North,72,High,133.29,81.83,32,Low,162.01,75.88,870
871,Robert Davis,39,Male,South,70,Low,50.23,161.61,5,Medium,194.95,183.41,871
872,Emily Johnson,74,Female,East,91,High,178.37,156.15,25,Medium,189.34,143.29,872
873,Laura Williams,53,Female,Central,64,High,25.65,178.59,9,Low,191.76,193.0,873
874,Mike Smith,38,Female,South,45,High,42.21,30.4,2,Medium,154.91,179.51,874
875,David Martinez,28,Female,South,70,Low,159.14,26.37,16,Low,151.75,82.39,875
876,Katie Williams,40,Male,North,43,Medium,47.23,130.6,86,Medium,198.59,138.44,876
877,John Lee,56,Male,East,90,Medium,67.89,123.34,76,High,189.37,182.39,877
878,David Davis,39,Female,South,21,High,157.57,46.03,19,Medium,118.56,185.22,878
879,Emily Williams,21,Male,Central,24,Medium,109.39,142.6,78,Medium,33.88,17.99,879
880,Katie Brown,60,Male,East,80,Medium,27.05,31.61,54,High,47.88,110.72,880
881,Jane Smith,64,Male,Central,22,Medium,181.46,26.98,54,Low,29.31,96.26,881
882,David Martinez,49,Male,North,87,Low,141.44,127.56,28,Low,71.31,112.14,882
883,Katie Martinez,75,Male,East,18,High,135.84,10.5,44,Medium,126.9,85.97,883
884,Sarah Brown,66,Male,South,38,Medium,184.59,119.14,15,Low,108.62,37.93,884
885,Katie Johnson,75,Female,East,45,High,185.48,57.29,40,Low,37.6,132.43,885
886,Mike Johnson,69,Male,Central,97,High,109.03,129.73,40,Medium,144.86,74.08,886
887,Mike Johnson,62,Male,North,28,High,140.64,187.64,81,Low,172.16,32.49,887
888,Sarah Lee,56,Female,East,67,Low,20.17,166.25,86,High,115.59,96.32,888
889,Jane Williams,27,Male,North,72,Low,126.57,155.39,80,Low,29.41,93.67,889
890,Chris Lee,38,Male,West,40,Low,36.29,149.79,35,High,29.27,125.41,890
891,Jane Martinez,29,Female,East,63,Low,15.25,10.6,93,High,187.07,159.98,891
892,Chris Miller,71,Female,Central,9,High,99.03,38.44,11,Medium,144.35,148.8,892
893,Jane Brown,52,Male,South,20,Medium,100.05,100.83,64,High,43.02,130.41,893
894,Chris Williams,32,Male,South,93,Low,34.07,140.24,86,Low,161.75,95.52,894
895,Sarah Davis,50,Male,West,66,Low,114.93,89.13,67,Low,28.79,19.15,895
896,Laura Davis,19,Male,Central,18,High,56.58,66.36,53,Low,71.64,146.41,896
897,Mike Miller,27,Female,Central,12,Medium,198.24,16.42,84,Low,189.62,117.35,897
898,Katie Smith,35,Female,South,81,Low,50.35,95.76,34,Low,123.58,33.65,898
899,John Johnson,28,Male,West,39,High,21.35,14.66,86,Medium,92.58,196.47,899
900,Mike Smith,19,Male,East,49,High,188.63,10.49,77,Low,11.25,169.03,900
901,David Davis,48,Female,Central,31,Medium,113.58,38.77,36,Low,110.09,75.97,901
902,Mike Lee,30,Male,West,11,Low,100.51,188.6,8,High,36.37,95.62,902
903,Jane Miller,64,Male,South,72,High,50.74,73.68,65,Low,171.96,42.05,903
904,Laura Johnson,18,Male,West,96,Low,174.91,121.77,16,High,115.46,157.96,904
905,Jane Jones,54,Female,West,57,Medium,71.34,53.53,7,Medium,175.68,131.06,905
906,Katie Davis,59,Male,West,35,Low,145.6,128.57,78,Medium,34.03,116.86,906
907,John Jones,71,Male,South,98,High,63.55,187.63,49,Medium,160.51,68.46,907
908,Katie Miller,70,Male,South,80,Low,195.35,47.67,61,High,54.9,160.58,908
909,Jane Garcia,65,Female,South,48,Low,181.39,179.63,53,High,195.74,72.15,909
910,Sarah Johnson,57,Male,West,91,Medium,191.36,171.12,48,High,18.44,150.07,910
911,Emily Williams,60,Male,West,52,Medium,183.26,35.14,19,Low,130.3,67.25,911
912,Sarah Smith,26,Male,South,5,Low,82.95,92.8,63,Medium,125.45,114.22,912
913,Mike Garcia,37,Male,North,61,Medium,93.67,184.18,64,Low,70.82,106.34,913
914,Robert Smith,69,Male,East,32,Low,74.72,164.47,34,Medium,95.34,135.18,914
915,Laura Garcia,47,Female,West,46,Medium,107.36,191.3,26,Medium,119.18,26.76,915
916,John Smith,59,Male,South,61,Medium,97.01,65.71,76,High,101.67,64.46,916
917,Jane Jones,21,Female,Central,87,Medium,29.36,117.86,88,Low,130.7,48.95,917
918,David Jones,40,Female,East,42,Low,108.68,182.87,46,High,144.98,104.44,918
919,Robert Smith,45,Male,Central,85,High,186.05,93.44,84,Low,158.2,108.72,919
920,David Davis,18,Female,West,61,Low,161.09,16.43,71,High,79.91,16.33,920
921,Chris Miller,29,Female,Central,9,Low,148.47,31.55,4,Low,78.47,13.47,921
922,Mike Miller,38,Male,North,47,High,62.95,132.42,1,Medium,69.18,123.18,922
923,David Davis,20,Male,East,73,Low,166.83,88.07,57,High,108.56,91.71,923
924,Robert Lee,48,Male,Central,31,Low,38.92,146.35,55,Low,119.02,94.37,924
925,Jane Williams,46,Male,North,76,Medium,149.47,14.52,78,High,46.75,156.73,925
926,Emily Garcia,28,Male,Central,96,Medium,173.96,74.16,57,High,98.21,199.69,926
927,Jane Miller,61,Female,West,41,High,78.71,175.9,24,High,104.65,179.67,927
928,Sarah Lee,26,Female,Central,1,High,123.06,162.27,67,Medium,18.72,115.96,928
929,Sarah Jones,28,Male,East,27,Low,185.48,185.97,67,Medium,98.3,52.53,929
930,Chris Brown,21,Female,East,38,Low,174.11,102.06,30,High,151.3,21.69,930
931,Emily Brown,33,Male,East,12,High,162.08,89.92,97,High,144.8,56.98,931
932,Jane Jones,59,Female,Central,45,Low,115.67,189.11,39,Medium,83.75,161.17,932
933,Sarah Jones,37,Male,North,43,High,134.0,28.38,63,Low,111.44,93.46,933
934,Chris Johnson,69,Female,West,6,Medium,145.72,155.07,27,High,43.11,57.71,934
935,Mike Miller,37,Female,East,45,High,70.44,99.5,59,High,101.71,35.54,935
936,Laura Johnson,52,Female,South,79,High,184.84,56.66,5,Medium,61.57,40.23,936
937,Laura Brown,35,Male,Central,24,High,165.27,192.92,16,High,103.81,91.53,937
938,Chris Martinez,74,Male,West,67,Medium,112.62,171.94,44,High,193.55,189.08,938
939,Katie Brown,27,Male,West,29,Medium,94.93,42.3,25,Medium,24.53,56.11,939
940,Katie Johnson,70,Male,West,56,Medium,103.15,119.44,44,High,125.25,109.97,940
941,Mike Miller,51,Male,West,28,Low,121.79,143.69,58,Medium,147.19,137.51,941
942,David Smith,41,Female,North,87,High,43.64,107.32,99,Low,59.88,105.45,942
943,Laura Martinez,27,Male,Central,67,Low,40.16,99.08,2,Low,51.8,84.73,943
944,Jane Davis,32,Female,North,36,Low,194.2,29.25,27,Medium,51.5,26.65,944
945,Laura Brown,36,Male,South,72,Low,162.08,31.44,78,High,83.58,15.36,945
946,Jane Garcia,70,Male,West,17,Low,177.95,12.0,86,High,136.79,20.05,946
947,Laura Davis,40,Male,Central,21,High,114.13,71.54,39,Medium,15.99,191.38,947
948,Chris Jones,32,Male,South,14,Low,176.49,143.75,45,Low,179.92,193.19,948
949,David Martinez,49,Female,East,99,Medium,115.83,168.46,86,Low,187.28,76.09,949
950,Mike Martinez,62,Male,North,30,Medium,73.6,56.71,55,High,81.92,96.47,950
951,David Williams,59,Female,Central,69,Medium,107.63,102.33,95,Medium,190.64,161.84,951
952,Robert Garcia,45,Male,South,22,Medium,174.65,43.94,4,Medium,141.06,190.89,952
953,Chris Jones,33,Female,Central,89,Medium,122.78,64.89,47,Low,29.42,145.23,953
954,Jane Smith,42,Male,East,31,High,57.27,45.05,96,Low,189.98,51.05,954
955,David Lee,57,Female,Central,46,Medium,86.74,85.98,68,Low,168.37,168.24,955
956,Robert Martinez,35,Female,North,15,Low,141.56,146.23,93,Medium,170.36,116.25,956
957,Emily Johnson,50,Male,West,40,High,165.29,113.29,53,Medium,156.46,84.48,957
958,Jane Jones,51,Male,Central,80,High,75.08,78.0,9,Medium,10.18,13.55,958
959,Laura Martinez,56,Female,North,69,Low,26.64,41.5,53,Medium,155.43,136.13,959
960,Sarah Lee,57,Male,East,91,Medium,158.59,57.37,77,High,23.37,19.0,960
961,Robert Miller,74,Male,West,36,Medium,155.49,34.63,48,High,132.42,183.67,961
962,Robert Miller,41,Male,Central,87,Medium,162.61,177.86,61,High,163.04,78.12,962
963,Emily Brown,54,Male,Central,68,Medium,185.3,109.22,79,High,114.03,139.73,963
964,Katie Davis,75,Male,West,16,Medium,140.14,63.93,43,Low,74.07,136.49,964
965,Jane Jones,41,Male,South,41,High,119.37,54.86,53,Medium,189.67,22.4,965
966,John Garcia,29,Female,South,37,High,103.86,152.16,81,Low,112.07,150.77,966
967,Jane Smith,53,Male,West,73,Medium,30.2,135.17,4,Medium,132.39,166.71,967
968,Mike Brown,59,Female,Central,72,High,109.43,128.6,65,Low,152.15,128.51,968
969,Emily Miller,53,Male,North,67,Low,13.58,18.16,9,High,76.67,97.63,969
970,Mike Davis,60,Female,West,43,High,107.44,77.38,57,High,196.28,13.1,970
971,David Brown,31,Male,Central,73,Medium,46.37,95.18,70,Medium,25.07,81.0,971
972,Jane Martinez,30,Male,North,12,Medium,167.48,41.42,46,Medium,80.82,143.94,972
973,Chris Garcia,75,Female,West,76,Medium,38.61,55.03,66,High,52.87,13.56,973
974,Emily Davis,29,Female,Central,77,High,190.78,133.62,32,High,88.31,195.17,974
975,Sarah Miller,45,Female,South,25,Medium,88.19,183.62,50,Low,177.71,125.93,975
976,Emily Jones,53,Male,West,5,High,73.1,108.02,85,High,147.08,172.51,976
977,David Jones,43,Female,East,29,Low,95.89,100.54,42,Medium,106.02,76.6,977
978,Robert Brown,39,Male,West,86,Low,155.7,14.88,24,Medium,182.56,114.11,978
979,Laura Smith,18,Female,South,59,High,128.72,57.46,81,Low,55.73,36.71,979
980,Sarah Brown,18,Female,East,69,Low,193.13,108.26,52,Low,130.59,63.48,980
981,Robert Brown,52,Male,South,2,Low,160.84,86.73,76,Low,175.25,124.56,981
982,Chris Brown,69,Female,Central,81,Low,61.18,191.85,88,High,175.33,156.58,982
983,Robert Davis,73,Male,Central,63,Medium,77.96,189.88,56,Medium,25.24,188.35,983
984,Katie Brown,34,Male,North,19,Low,63.62,101.37,83,Medium,124.07,20.18,984
985,Emily Lee,38,Female,East,78,Medium,157.14,84.55,48,Medium,31.0,155.5,985
986,Katie Davis,34,Male,Central,35,High,27.4,44.57,90,High,34.24,22.45,986
987,Laura Smith,43,Male,Central,38,Medium,158.81,85.44,24,High,51.01,142.47,987
988,Katie Brown,23,Female,North,37,Medium,101.54,153.53,39,Medium,125.32,18.3,988
989,Sarah Brown,73,Female,East,57,High,119.2,176.95,11,High,27.71,194.81,989
990,Sarah Lee,20,Female,Central,3,Low,48.38,141.36,38,Medium,164.88,45.04,990
991,Emily Williams,53,Female,North,30,Low,113.57,167.65,67,Low,31.4,147.66,991
992,David Miller,66,Male,North,89,Medium,130.31,81.3,67,High,24.96,102.66,992
993,Robert Brown,40,Female,Central,38,Low,147.81,115.51,65,High,123.79,88.08,993
994,Emily Miller,41,Female,North,47,Low,51.29,105.18,81,Low,69.26,181.37,994
995,Mike Davis,45,Female,South,12,Low,168.02,90.93,6,Medium,60.51,83.13,995
996,Chris Smith,28,Female,East,98,Low,85.97,91.22,3,High,70.13,184.31,996
997,Mike Jones,31,Male,Central,90,High,118.6,129.82,28,High,134.48,183.19,997
998,David Brown,50,Female,West,99,Low,82.34,151.24,79,High,149.4,176.2,998
999,Chris Brown,28,Male,West,13,High,123.04,17.09,95,High,22.04,164.28,999
1000,Mike Jones,34,Female,North,87,High,71.19,19.64,98,High,152.01,87.33,1000
