CustomerID,Full_Name,Age_Years,Gender_Type,Region_Area,Tenure_Months,Subscription_Type,Monthly_Bill_Amount,Data_Usage_GB,Call_Made_Count,Support_Ticket_Count,Risk_of_Churn,Payment_Mode
1,Robert Davis,18,Female,West,44,Medium,148.59,187.27,92,2,Low,High
2,Jane Garcia,72,Male,North,97,Medium,175.47,186.46,22,45,Medium,Medium
3,Chris Garcia,40,Male,North,14,Low,34.89,114.14,82,14,Medium,Low
4,Sarah Johnson,53,Male,East,83,Low,19.46,74.6,8,10,Medium,Low
5,Katie Brown,72,Female,South,55,Medium,162.62,112.57,19,100,Low,Low
6,Chris Davis,23,Female,North,1,High,52.47,51.9,5,13,Medium,High
7,David Martinez,34,Female,East,31,Low,151.96,185.85,73,52,Medium,High
8,Robert Davis,26,Male,West,72,High,136.94,37.12,78,88,Low,Low
9,Laura Miller,31,Female,West,68,Medium,151.46,134.78,1,32,High,Low
10,Mike Garcia,70,Male,East,75,High,132.18,108.46,85,71,High,High
11,David Jones,49,Male,North,36,Low,46.45,76.72,97,20,Low,Medium
12,Mike Miller,27,Female,West,87,Low,62.94,65.28,78,70,Medium,Medium
13,Sarah Garcia,63,Male,Central,75,Medium,110.21,93.46,55,12,Low,High
14,Robert Garcia,45,Female,West,67,Low,77.65,59.22,10,39,Low,Low
15,John Lee,37,Male,Central,90,Low,141.18,161.87,88,51,High,Low
16,Robert Jones,41,Female,South,74,High,153.14,102.63,30,72,High,High
17,Robert Brown,35,Female,East,94,Low,97.85,80.95,15,33,High,Medium
18,Robert Brown,41,Male,Central,76,Low,185.42,62.31,35,81,Low,Low
19,David Martinez,66,Male,South,88,High,109.17,103.71,69,13,Low,High
20,Sarah Williams,34,Female,North,12,Medium,111.97,105.6,81,28,Low,High
21,John Jones,72,Male,West,36,Low,108.02,84.47,88,2,Low,Medium
22,Mike Johnson,71,Male,East,77,Medium,73.29,111.64,61,63,High,High
23,Chris Johnson,37,Male,West,79,High,145.33,120.49,98,79,Medium,Low
24,Robert Brown,37,Male,Central,87,Low,112.51,193.24,41,51,Medium,High
25,Jane Davis,56,Female,East,12,Low,100.82,61.33,8,40,Low,Low
26,Jane Davis,52,Male,East,63,High,29.04,37.92,56,75,High,High
27,Laura Martinez,56,Female,Central,19,Medium,62.62,17.23,55,83,Medium,Low
28,Chris Smith,38,Female,Central,26,Low,106.43,150.54,18,23,Low,High
29,Sarah Johnson,64,Male,East,78,Medium,56.85,25.02,64,37,Low,Low
30,Chris Smith,73,Male,North,9,High,107.82,134.37,22,2,Medium,Low
31,Emily Miller,24,Female,North,90,Medium,173.33,154.66,41,56,High,Low
32,John Miller,70,Male,Central,22,Low,73.75,43.88,6,34,Medium,Medium
33,Robert Garcia,44,Female,West,11,Medium,95.7,66.38,10,53,High,High
34,Mike Brown,45,Male,Central,37,Medium,48.18,186.97,75,47,High,High
35,Mike Williams,51,Female,West,45,Medium,154.42,68.74,60,93,High,High
36,Mike Miller,68,Male,North,48,Medium,41.61,73.02,76,59,Medium,High
37,Chris Smith,49,Female,North,70,High,103.73,112.58,70,66,High,Low
38,Katie Garcia,60,Male,West,7,High,141.86,146.72,44,19,Medium,High
39,Emily Lee,74,Female,Central,36,High,142.49,148.75,78,95,High,Low
40,Laura Lee,41,Male,Central,92,Low,162.1,10.14,48,28,Low,Low
41,Jane Martinez,74,Male,Central,74,Medium,128.27,35.78,72,87,High,High
42,Robert Davis,22,Female,East,4,Low,181.68,23.41,86,43,High,Low
43,Katie Jones,50,Female,North,98,Medium,172.51,64.54,7,95,Medium,Medium
44,John Garcia,24,Female,South,40,Low,30.48,162.15,100,43,Medium,High
45,David Smith,58,Female,West,54,Low,147.63,115.24,23,4,Medium,High
46,John Brown,66,Female,West,56,Low,82.79,182.13,68,80,High,High
47,Jane Miller,25,Female,West,23,High,196.65,27.28,80,62,High,High
48,Jane Williams,47,Female,Central,14,Medium,92.95,12.9,14,21,Medium,Medium
49,Laura Brown,44,Female,South,3,Low,31.47,19.43,71,99,High,Medium
50,Emily Garcia,70,Male,Central,52,Low,56.62,97.82,12,31,High,Low
51,Emily Miller,27,Female,Central,34,Low,40.9,12.64,42,59,Low,Medium
52,Mike Davis,43,Male,West,35,Low,135.21,192.17,78,98,High,Low
53,David Lee,59,Male,North,19,High,38.71,50.82,80,48,Low,High
54,Robert Jones,45,Female,Central,55,Medium,129.16,85.63,99,75,Low,Medium
55,Jane Johnson,27,Female,South,17,Medium,56.05,61.42,59,94,High,High
56,Laura Martinez,32,Female,East,94,Medium,52.02,87.97,52,49,High,Low
57,Emily Miller,25,Female,North,98,Medium,13.26,163.26,7,88,Low,Medium
58,Robert Brown,74,Male,East,43,Medium,75.69,194.78,65,90,Low,Medium
59,John Smith,20,Female,Central,50,High,167.98,13.17,48,83,Low,Low
60,David Davis,35,Female,Central,61,Low,45.53,32.04,84,69,Medium,Low
61,David Smith,65,Male,East,87,High,174.78,57.38,97,84,High,Medium
62,Chris Garcia,42,Male,South,57,Low,176.76,170.17,93,73,High,Medium
63,Jane Smith,71,Female,North,78,High,107.95,52.13,27,80,High,Low
64,Robert Brown,63,Female,South,94,Low,70.99,118.96,11,73,Low,High
65,Sarah Johnson,75,Male,East,72,Medium,132.23,186.68,3,16,Medium,High
66,Katie Davis,71,Female,North,37,High,104.19,85.47,76,26,Medium,Medium
67,Jane Jones,44,Male,North,66,Medium,196.95,169.87,26,27,High,Medium
68,Robert Jones,66,Female,South,67,Low,71.32,124.89,44,82,High,High
69,Mike Brown,44,Male,West,37,Medium,27.33,60.66,41,42,Medium,Medium
70,Jane Lee,72,Female,North,63,Low,189.46,65.84,64,36,High,High
71,Emily Jones,48,Male,East,21,Low,23.6,37.78,8,23,Low,Medium
72,Katie Davis,29,Male,Central,89,High,94.39,54.5,18,84,High,High
73,Emily Brown,20,Male,North,2,Low,134.13,89.97,76,47,Low,High
74,David Martinez,47,Female,North,27,Low,195.07,31.68,86,87,Low,High
75,Katie Davis,57,Male,West,47,High,70.28,72.26,49,59,Medium,Medium
76,Robert Lee,51,Female,South,4,Low,15.79,170.11,78,23,Low,Medium
77,Laura Brown,70,Female,East,53,Low,183.1,90.69,25,74,Low,Medium
78,Chris Brown,56,Male,South,71,Medium,194.91,128.6,88,70,High,Low
79,Mike Davis,45,Female,West,96,High,17.28,167.75,34,53,Medium,Medium
80,Emily Johnson,66,Male,West,79,Low,43.24,138.13,17,40,Low,Low
81,John Williams,31,Female,Central,38,Medium,78.01,160.25,7,84,Low,Low
82,Sarah Williams,27,Female,Central,72,High,28.18,186.66,89,49,Medium,Medium
83,Robert Smith,49,Female,West,72,Low,175.55,154.73,67,49,High,Low
84,Katie Williams,49,Female,Central,46,High,41.59,146.23,20,81,Medium,Medium
85,John Miller,64,Female,Central,10,Medium,107.67,49.83,67,30,High,Medium
86,Katie Smith,57,Male,East,24,Medium,127.33,151.44,75,49,Low,Medium
87,David Brown,54,Female,West,48,Low,62.16,127.35,28,52,Medium,Low
88,John Davis,30,Male,Central,96,Low,74.07,150.05,56,37,High,Medium
89,Robert Brown,74,Male,Central,86,High,129.51,166.18,27,46,High,Low
90,Katie Johnson,39,Female,South,93,High,10.12,154.57,16,92,High,Medium
91,Laura Smith,28,Female,North,97,Low,84.5,69.72,90,20,Low,High
92,John Johnson,49,Male,West,95,Medium,132.93,117.07,45,62,Low,High
93,Emily Miller,46,Female,South,94,High,146.13,197.29,89,14,High,High
94,Jane Brown,37,Female,South,41,High,104.96,178.78,35,93,High,Low
95,Mike Williams,68,Male,North,23,High,67.73,24.3,73,48,High,Low
96,Mike Johnson,20,Male,South,51,Low,128.17,183.28,68,30,Medium,Low
97,Mike Brown,43,Female,North,41,Low,82.58,27.89,70,25,High,High
98,Laura Brown,48,Female,South,10,High,80.09,162.09,34,100,Medium,Low
99,John Smith,26,Male,South,68,High,21.63,180.12,78,92,Low,High
100,Katie Brown,24,Male,Central,31,Low,132.75,116.81,89,85,Low,Low
101,David Davis,49,Male,South,100,Medium,61.21,172.33,3,52,High,Medium
102,Mike Davis,65,Female,Central,83,Low,126.33,44.52,97,67,Medium,Medium
103,Laura Martinez,43,Male,West,56,Low,174.6,191.99,100,98,High,Low
104,Emily Jones,73,Female,Central,65,Low,82.51,36.4,90,16,Low,Medium
105,John Brown,64,Male,North,74,Low,115.52,115.58,81,50,Low,Low
106,Robert Miller,62,Female,South,54,High,51.89,45.15,73,65,Medium,Low
107,John Lee,70,Female,North,39,Medium,187.3,176.89,68,8,Medium,Low
108,Jane Smith,60,Male,East,91,Low,167.47,105.32,27,98,High,Low
109,Mike Johnson,34,Female,North,40,Low,166.45,144.35,83,80,Medium,Medium
110,Sarah Davis,21,Female,South,19,High,48.99,87.78,70,94,Low,Low
111,Emily Martinez,40,Male,East,52,High,46.3,173.79,7,15,High,Medium
112,Mike Miller,28,Female,Central,30,Medium,33.02,40.08,86,45,High,Medium
113,Robert Williams,63,Female,South,76,Low,28.47,18.98,16,76,High,High
114,Sarah Smith,22,Male,Central,29,High,18.45,23.32,64,75,Low,Medium
115,Sarah Garcia,28,Female,South,24,Medium,21.22,194.46,21,8,Medium,Low
116,Jane Garcia,24,Female,West,82,High,121.69,192.29,54,66,Medium,Low
117,Katie Smith,44,Male,North,50,High,40.55,36.32,67,28,Low,High
118,Jane Smith,45,Female,South,79,Low,110.0,191.57,10,90,Medium,High
119,Chris Williams,26,Female,Central,4,Medium,10.2,187.84,7,73,Medium,High
120,Laura Martinez,64,Female,West,88,Low,171.09,197.11,11,35,High,High
121,Mike Jones,60,Male,North,62,Medium,75.13,187.84,56,39,High,Low
122,Emily Johnson,56,Female,East,11,Medium,143.21,22.15,27,62,Low,Low
123,Chris Davis,69,Female,Central,14,Low,156.03,145.75,25,84,Medium,High
124,Laura Williams,37,Female,South,73,Low,187.77,132.91,12,85,Low,Medium
125,Katie Martinez,72,Female,Central,29,Low,166.88,147.2,15,25,High,High
126,Robert Williams,68,Female,East,68,High,140.08,128.8,45,30,Low,High
127,Robert Jones,50,Male,North,61,High,199.23,87.4,10,65,Low,Low
128,Laura Martinez,37,Male,Central,40,High,125.6,17.9,17,14,Medium,Low
129,Emily Jones,71,Male,Central,29,Low,55.12,48.17,20,12,Low,Medium
130,Emily Williams,53,Female,East,62,Medium,84.72,97.53,54,53,Medium,High
131,John Davis,57,Male,East,29,High,98.54,74.86,39,78,High,High
132,Chris Johnson,35,Female,Central,25,High,10.4,111.89,46,57,Low,High
133,Katie Williams,57,Female,South,33,Medium,62.47,165.39,98,69,Low,High
134,Robert Brown,45,Female,West,2,Low,136.64,66.41,4,46,High,Low
135,John Lee,51,Female,East,25,High,164.6,65.72,67,9,Low,High
136,Emily Martinez,23,Female,East,83,Medium,148.41,38.0,69,68,High,Low
137,Sarah Brown,47,Male,North,9,Low,181.86,187.14,63,77,Medium,High
138,Laura Brown,70,Male,South,6,Low,165.37,164.71,14,78,Medium,Medium
139,David Williams,52,Female,South,6,Medium,76.57,119.52,57,85,Low,Low
140,Chris Brown,55,Female,Central,13,Medium,128.51,129.0,33,65,Medium,Low
141,Laura Lee,25,Male,South,6,High,20.84,104.41,46,33,High,Medium
142,Emily Davis,54,Female,Central,23,Medium,46.3,172.42,32,16,Medium,Low
143,Emily Martinez,36,Female,North,24,Low,181.09,115.49,38,79,High,Low
144,Mike Williams,55,Female,East,74,High,153.33,153.83,44,12,High,High
145,Robert Davis,55,Male,East,97,Medium,30.67,113.54,19,21,High,High
146,David Smith,35,Female,West,63,Medium,38.69,116.17,56,74,Low,Low
147,David Lee,73,Female,West,71,Low,105.97,146.77,7,23,High,Low
148,John Martinez,41,Male,Central,8,Medium,154.41,20.25,64,48,Low,Low
149,Sarah Brown,72,Female,South,3,Medium,86.2,105.19,79,44,Low,Medium
150,Laura Williams,20,Female,West,23,Medium,112.88,152.32,70,84,Medium,High
151,Robert Miller,38,Female,South,64,Medium,12.15,38.99,78,2,Low,Medium
152,Mike Lee,31,Male,West,55,Medium,167.67,74.4,4,13,Low,Low
153,David Williams,46,Female,Central,87,High,143.14,127.56,69,92,Medium,High
154,Robert Jones,42,Female,North,87,Medium,42.21,117.67,46,82,Medium,Low
155,David Miller,54,Female,South,76,Low,109.67,108.24,49,43,Low,Medium
156,Sarah Brown,61,Male,South,23,Low,44.81,108.1,67,22,Low,High
157,David Johnson,18,Male,East,24,Medium,72.6,100.48,81,96,Medium,High
158,Chris Johnson,39,Female,South,81,Medium,133.28,36.97,66,11,Low,Low
159,Robert Johnson,35,Male,West,85,Low,188.18,164.96,99,48,Medium,Low
160,John Brown,43,Female,East,81,High,199.49,39.44,82,58,High,Medium
161,Emily Davis,43,Male,East,48,Medium,100.17,15.87,40,38,Low,Low
162,Emily Williams,57,Female,North,80,Medium,176.93,10.61,79,73,High,Medium
163,Chris Williams,57,Female,East,29,Medium,179.45,180.6,32,58,High,High
164,Mike Garcia,57,Female,West,16,High,178.67,193.39,7,74,Medium,Medium
165,Mike Garcia,67,Male,North,28,Low,197.27,144.1,9,95,High,Medium
166,Mike Lee,18,Female,West,48,Low,100.37,28.87,11,34,High,Low
167,Sarah Davis,46,Male,Central,37,Low,106.9,127.99,76,64,Low,High
168,Laura Brown,59,Male,South,82,Low,100.19,38.19,44,1,Medium,Medium
169,Chris Williams,45,Male,North,2,High,51.98,110.1,90,33,Medium,High
170,Laura Brown,28,Male,West,19,Low,150.74,150.24,26,94,Medium,Low
171,Emily Johnson,54,Male,Central,64,High,37.71,184.37,18,87,Low,Low
172,Mike Miller,30,Female,Central,67,High,192.64,183.78,12,72,Medium,Low
173,Sarah Brown,70,Male,South,32,Low,188.6,160.35,79,80,Low,Medium
174,Laura Jones,51,Female,East,73,High,23.81,129.84,86,28,High,High
175,Katie Davis,24,Male,East,46,Low,157.69,97.58,67,80,Low,Medium
176,Sarah Davis,30,Male,Central,15,High,187.54,59.6,55,81,Medium,Medium
177,Katie Miller,75,Male,East,5,Medium,115.58,194.84,66,14,High,Low
178,Katie Johnson,47,Male,North,31,Low,193.85,190.56,7,35,Medium,High
179,Chris Davis,66,Male,West,80,Low,101.87,68.15,21,98,Low,Medium
180,Chris Jones,21,Female,West,52,Medium,171.6,186.32,22,7,Low,Medium
181,Jane Garcia,41,Male,Central,60,Medium,67.39,163.74,93,41,Medium,High
182,Mike Jones,61,Male,South,8,High,169.26,149.14,41,48,Low,High
183,John Smith,18,Female,Central,4,Medium,154.13,16.96,29,82,High,Low
184,Emily Davis,30,Female,Central,9,High,40.4,141.09,22,90,High,Medium
185,Sarah Jones,28,Female,West,33,High,21.63,149.91,78,79,High,High
186,David Jones,61,Male,West,70,High,182.84,161.43,42,51,Low,High
187,Sarah Jones,35,Female,Central,9,High,24.38,170.06,36,84,Low,High
188,Robert Miller,64,Female,North,97,High,144.66,192.01,85,44,Low,Medium
189,Sarah Brown,73,Male,West,99,Low,64.04,84.01,70,60,High,High
190,Emily Jones,74,Male,South,88,High,177.21,71.31,80,18,High,Low
191,Sarah Brown,47,Male,West,22,Low,42.77,74.85,70,1,High,Low
192,John Johnson,22,Male,North,14,Low,164.71,99.43,85,20,High,High
193,Chris Garcia,51,Female,South,69,Medium,128.95,123.44,44,9,Medium,Low
194,Katie Williams,24,Female,Central,35,High,147.67,171.69,75,27,Low,Medium
195,Chris Martinez,44,Female,North,69,Medium,162.18,140.97,52,62,Low,High
196,Robert Williams,64,Male,South,67,Medium,163.24,37.02,92,94,High,High
197,David Davis,44,Female,South,84,Medium,122.09,140.38,29,20,Medium,Low
198,Chris Johnson,20,Male,North,31,Medium,109.32,39.06,76,32,Medium,Medium
199,Robert Brown,57,Female,Central,61,Medium,84.16,154.4,61,32,Medium,Low
200,Mike Martinez,20,Male,East,47,High,22.24,75.21,30,61,Medium,Medium
201,Laura Smith,31,Male,South,85,High,181.13,159.68,10,55,Medium,Medium
202,Katie Jones,52,Male,South,52,Low,13.65,172.42,18,50,Medium,High
203,Robert Brown,53,Female,Central,100,High,148.47,125.98,41,97,High,Low
204,Mike Johnson,50,Male,North,63,Medium,109.0,154.22,35,15,Medium,Low
205,Jane Johnson,36,Male,East,1,Low,189.72,101.26,39,30,High,High
206,Robert Davis,46,Male,West,43,Medium,44.39,149.9,96,49,Medium,Medium
207,Chris Martinez,22,Male,West,59,High,195.42,140.29,12,36,High,Medium
208,Emily Martinez,62,Female,West,14,Medium,141.25,62.86,48,65,High,Low
209,David Jones,48,Female,South,97,Low,53.62,70.26,70,92,Low,Medium
210,Katie Smith,38,Female,South,24,Medium,41.8,33.58,83,51,Medium,Low
211,David Davis,28,Female,North,94,High,116.87,141.36,75,36,Medium,Low
212,Mike Jones,21,Male,North,17,Medium,190.29,165.1,98,49,High,Medium
213,Emily Martinez,75,Female,South,74,Medium,34.43,109.9,70,15,Medium,Medium
214,Katie Johnson,27,Male,West,89,High,151.4,129.69,75,91,High,Medium
215,Chris Smith,74,Male,Central,1,Medium,164.02,43.7,79,52,High,Low
216,John Miller,75,Female,East,87,High,178.21,120.84,91,48,High,Low
217,Laura Jones,25,Male,West,52,Low,191.04,146.9,74,58,High,Low
218,Laura Miller,43,Female,North,1,High,166.1,164.3,57,73,Low,Low
219,Mike Jones,54,Female,South,12,Medium,65.37,103.29,4,8,High,High
220,Robert Miller,23,Female,West,55,Low,168.35,69.71,25,73,High,High
221,Chris Lee,22,Male,East,45,High,99.39,84.22,52,82,Medium,Low
222,Jane Garcia,61,Female,South,64,Low,42.97,113.86,27,88,High,Low
223,Jane Smith,32,Male,West,63,Medium,69.73,197.14,48,9,Low,Low
224,John Davis,28,Male,East,87,Medium,190.09,117.51,45,94,Low,Low
225,Jane Smith,75,Female,East,48,Low,145.71,159.82,69,34,Medium,High
226,Emily Jones,63,Female,West,38,High,103.64,75.26,3,41,Medium,High
227,Mike Martinez,46,Male,West,39,Medium,18.97,60.83,40,60,High,Low
228,Robert Martinez,41,Female,West,41,High,32.72,167.37,2,88,Medium,Medium
229,Laura Jones,57,Male,North,25,Medium,182.08,130.9,39,15,Low,Low
230,Jane Brown,34,Male,South,92,Medium,74.64,69.37,7,57,Low,Medium
231,Sarah Smith,32,Female,East,32,Medium,67.11,56.66,68,85,Medium,Low
232,Chris Williams,69,Female,North,28,High,157.88,31.03,66,33,High,High
233,Laura Miller,75,Female,West,39,Medium,182.18,183.83,74,79,High,High
234,Chris Garcia,74,Male,East,63,Medium,40.35,127.32,99,30,Low,Low
235,Robert Johnson,27,Female,East,63,Medium,124.92,104.73,82,68,Low,High
236,Chris Lee,47,Female,West,18,High,165.83,96.47,15,19,Low,Low
237,Laura Jones,31,Male,Central,59,Medium,124.75,168.98,54,40,Low,Low
238,Mike Lee,29,Female,East,37,Medium,174.93,33.38,49,11,Low,High
239,Chris Jones,23,Male,West,12,Medium,51.33,67.82,14,46,Low,Medium
240,Chris Davis,59,Female,East,5,Low,148.23,34.5,20,20,Medium,High
241,David Smith,51,Male,Central,6,Low,88.25,185.87,85,49,Low,Low
242,David Williams,62,Female,North,96,Medium,80.68,197.05,27,69,High,Medium
243,Chris Brown,51,Female,West,89,Low,133.68,158.89,18,48,Low,Medium
244,Mike Brown,43,Female,South,7,Medium,54.97,172.17,7,2,High,High
245,Katie Johnson,24,Male,West,2,Low,105.44,175.44,87,80,Low,High
246,Robert Miller,35,Male,East,80,Medium,64.66,144.55,48,56,Medium,Medium
247,Jane Brown,67,Female,North,31,Medium,44.46,101.87,87,52,High,Low
248,Mike Martinez,29,Male,South,80,Low,73.97,37.22,77,26,Medium,Medium
249,Mike Brown,48,Female,Central,85,Medium,152.97,76.56,44,61,Medium,High
250,Emily Garcia,74,Female,Central,59,High,140.79,191.83,70,63,Low,High
251,Chris Jones,45,Female,East,78,High,118.37,88.78,29,99,Low,High
252,Mike Brown,20,Female,North,22,Medium,28.11,52.9,88,20,High,High
253,John Williams,52,Female,West,85,Medium,177.07,49.69,85,62,Medium,Medium
254,Emily Smith,75,Male,South,21,High,137.33,57.4,44,22,High,High
255,Mike Smith,71,Female,North,41,Low,179.23,146.93,80,60,Medium,Low
256,Laura Williams,74,Female,East,25,High,126.76,48.73,51,81,Medium,Low
257,Sarah Johnson,36,Male,North,29,Low,66.38,156.51,95,9,High,High
258,Chris Smith,26,Male,North,19,High,37.74,105.69,87,71,Medium,Low
259,David Smith,34,Male,South,51,High,169.3,39.52,24,87,High,High
260,Katie Johnson,46,Male,South,37,Medium,147.78,18.92,57,17,Medium,High
261,Laura Williams,27,Female,Central,26,Medium,68.35,29.35,59,48,High,Low
262,Laura Martinez,70,Female,South,84,High,80.95,18.93,5,35,Medium,Low
263,Jane Brown,21,Male,West,32,High,79.24,16.8,26,33,High,High
264,Emily Williams,59,Female,Central,60,Low,121.16,178.94,47,2,High,Low
265,Chris Brown,67,Male,South,89,High,162.17,30.01,90,23,High,Medium
266,David Johnson,55,Male,South,52,High,18.09,193.96,38,55,High,High
267,Laura Jones,47,Female,South,40,High,64.95,27.67,18,53,Low,High
268,Laura Johnson,73,Female,Central,69,Medium,168.36,83.85,39,8,Low,High
269,Robert Brown,62,Female,Central,80,Low,87.9,156.87,46,51,Medium,Low
270,John Brown,19,Male,North,83,Low,170.84,77.46,24,59,High,High
271,Chris Miller,51,Female,West,51,High,111.35,59.24,88,16,High,Medium
272,Laura Smith,46,Male,West,31,Low,17.37,119.02,47,87,High,Medium
273,Robert Miller,72,Female,North,14,High,137.69,12.23,32,9,Low,Medium
274,Mike Johnson,24,Female,South,27,Low,71.08,115.84,34,2,Medium,High
275,Jane Smith,59,Female,South,20,High,134.73,37.85,83,17,Low,Low
276,Sarah Jones,50,Male,West,68,Low,165.63,141.07,94,35,Low,Low
277,Katie Davis,64,Male,West,47,Medium,194.92,148.2,41,74,Medium,Low
278,John Lee,18,Female,North,94,Low,151.56,21.22,26,47,High,Low
279,Jane Williams,37,Female,North,19,Low,138.4,17.5,32,41,Medium,Medium
280,Robert Martinez,59,Female,East,25,Medium,152.72,127.32,32,70,Medium,Medium
281,David Smith,49,Male,Central,89,Low,173.24,84.61,83,72,High,Medium
282,Sarah Davis,72,Male,North,27,Low,131.93,72.45,13,59,High,Medium
283,Chris Williams,18,Male,North,22,Low,57.24,57.0,73,3,High,Medium
284,Emily Jones,30,Female,East,85,Medium,129.8,87.19,28,65,Low,High
285,Laura Smith,43,Female,Central,51,High,106.3,144.82,33,37,Low,High
286,John Garcia,47,Female,Central,27,Low,27.48,156.0,94,38,Low,High
287,Chris Smith,50,Male,West,78,Low,20.55,40.49,77,93,High,High
288,Robert Miller,43,Female,East,59,Low,10.42,185.9,69,39,Medium,Medium
289,John Brown,28,Male,North,43,Low,67.55,190.13,70,100,Low,High
290,Sarah Lee,21,Male,West,67,Medium,173.43,12.86,59,98,Low,Medium
291,Emily Jones,46,Male,Central,59,Low,184.89,124.57,47,17,High,Low
292,John Martinez,43,Female,Central,37,High,111.44,26.49,44,93,Low,High
293,Mike Lee,66,Male,North,77,Low,63.79,26.9,58,81,Low,Medium
294,Laura Lee,52,Female,East,68,Low,103.69,62.67,14,44,Low,High
295,Robert Lee,53,Male,North,71,Low,175.38,10.68,88,61,Low,Low
296,Emily Williams,61,Female,South,36,Low,46.01,109.05,53,83,High,High
297,Emily Davis,23,Female,South,91,High,159.49,92.48,61,97,Low,High
298,Laura Miller,75,Male,Central,68,Medium,36.18,167.75,50,83,Low,Low
299,Jane Martinez,48,Male,East,71,Medium,43.29,154.33,96,41,Medium,Low
300,Laura Johnson,41,Male,Central,75,Medium,121.34,157.71,47,29,High,Medium
301,John Smith,24,Female,West,74,High,125.44,10.25,12,80,Medium,Low
302,Jane Lee,55,Female,South,13,Medium,136.34,44.57,66,11,High,Low
303,Emily Jones,74,Male,East,19,Medium,137.54,168.5,15,22,High,Medium
304,John Jones,35,Female,South,46,Low,192.7,196.73,70,9,Medium,Medium
305,Emily Garcia,22,Male,Central,26,Low,177.92,20.53,89,73,Medium,Medium
306,Chris Lee,43,Male,East,1,Low,126.56,71.02,89,20,Low,Low
307,Jane Jones,34,Female,South,28,Medium,163.04,189.92,89,55,High,Medium
308,Robert Williams,26,Male,Central,36,Low,158.14,102.82,65,82,Medium,Low
309,Sarah Jones,25,Female,North,93,Medium,196.51,75.83,61,4,Low,Medium
310,Sarah Brown,45,Male,South,10,Medium,109.09,10.88,34,24,Medium,High
311,Katie Lee,19,Male,North,2,High,125.06,123.87,50,33,Low,Low
312,John Johnson,39,Female,South,28,Medium,49.93,63.68,25,65,High,Low
313,John Miller,54,Male,West,43,Medium,46.69,141.0,2,78,High,Medium
314,Mike Lee,51,Female,Central,27,Medium,100.89,135.5,35,37,Medium,Medium
315,Sarah Miller,52,Male,North,22,Medium,101.11,172.96,23,10,Medium,High
316,David Smith,49,Male,South,55,High,160.65,86.06,75,4,Low,Medium
317,David Miller,63,Female,East,73,Medium,59.5,22.84,44,64,Medium,Medium
318,Jane Garcia,32,Male,West,29,High,39.12,195.27,13,1,Low,High
319,Mike Williams,31,Male,East,23,Medium,34.46,98.03,91,4,Medium,High
320,Laura Smith,66,Male,North,51,Low,42.45,117.18,70,13,High,High
321,Chris Davis,31,Male,East,42,Low,110.87,178.95,28,47,Medium,High
322,Jane Martinez,35,Male,South,39,High,69.64,163.13,4,33,Medium,High
323,Sarah Smith,59,Female,West,53,Low,178.17,173.54,3,9,Low,High
324,Katie Smith,59,Female,Central,63,Low,32.61,49.93,46,80,Low,Medium
325,Emily Jones,65,Female,East,87,High,165.98,147.8,3,36,Low,Low
326,Robert Williams,23,Female,West,78,High,137.86,171.19,73,10,Medium,High
327,Sarah Garcia,29,Male,South,82,Medium,78.81,134.04,66,9,High,High
328,Katie Smith,59,Female,East,20,Medium,45.11,67.08,51,6,Low,Low
329,Robert Jones,31,Female,North,40,High,30.21,43.56,20,16,High,High
330,Mike Martinez,20,Female,West,17,Low,135.8,12.03,36,59,Low,High
331,Jane Lee,68,Female,South,60,Medium,198.68,154.08,54,13,High,Medium
332,David Jones,52,Male,East,13,Medium,84.22,56.9,70,65,High,Low
333,Emily Williams,55,Female,Central,57,High,42.35,132.65,17,38,Medium,Low
334,John Jones,26,Female,East,87,Low,140.92,104.03,58,26,Medium,High
335,Katie Davis,75,Male,South,48,Low,149.48,163.51,4,5,High,High
336,Mike Johnson,64,Male,East,73,High,35.42,46.64,31,36,High,Medium
337,Laura Johnson,49,Female,North,37,High,180.69,27.55,26,89,Medium,Medium
338,Jane Johnson,63,Male,West,59,Medium,172.38,155.71,100,27,Low,High
339,Laura Garcia,71,Female,Central,10,Medium,192.49,78.33,85,20,High,Medium
340,Katie Miller,46,Female,Central,84,High,25.73,10.61,49,2,Low,Low
341,Sarah Jones,29,Male,North,82,Low,57.3,92.27,27,46,Low,Medium
342,Katie Smith,60,Female,North,84,Medium,159.58,56.52,59,17,High,High
343,Jane Jones,32,Male,North,50,Medium,159.49,159.81,60,83,High,Medium
344,Katie Williams,42,Male,North,56,High,124.08,10.03,91,55,Low,Low
345,Sarah Davis,34,Female,North,20,Medium,113.1,177.13,9,55,Low,Medium
346,Katie Jones,66,Female,South,4,Medium,187.05,149.49,52,79,High,Low
347,Jane Williams,45,Female,Central,16,Low,170.63,86.89,2,46,High,Medium
348,Sarah Davis,69,Male,South,29,Medium,152.88,186.94,75,94,Medium,Low
349,Sarah Davis,26,Male,Central,91,Medium,61.72,185.37,60,99,Medium,High
350,Laura Miller,28,Male,East,61,Medium,192.78,199.66,17,9,Medium,Medium
351,Katie Miller,37,Female,South,7,Low,44.72,155.46,72,3,High,High
352,Sarah Williams,56,Male,West,22,Low,56.44,121.11,15,39,Medium,Medium
353,Emily Brown,62,Female,South,29,High,115.24,111.91,45,89,High,Medium
354,Jane Miller,39,Female,South,43,High,74.71,174.16,10,76,Low,Medium
355,David Smith,64,Female,Central,58,Medium,163.33,104.72,63,22,Low,High
356,Mike Smith,35,Female,South,38,Low,103.52,132.85,86,83,Medium,Medium
357,David Garcia,24,Male,Central,65,High,181.08,163.48,73,58,High,High
358,Chris Smith,54,Male,North,25,Medium,120.63,36.24,35,79,High,Low
359,David Williams,24,Female,Central,37,Medium,111.31,180.7,100,88,High,Medium
360,Sarah Williams,37,Female,East,97,Medium,54.03,80.27,79,92,Low,Medium
361,David Garcia,69,Female,South,64,Medium,71.35,187.24,44,78,Medium,High
362,Katie Martinez,34,Female,West,76,Medium,155.14,101.79,43,98,Medium,High
363,Laura Johnson,23,Male,East,31,High,45.03,139.26,14,57,High,Medium
364,Laura Johnson,18,Female,West,9,Medium,152.43,65.25,55,36,Medium,Medium
365,Katie Garcia,62,Female,West,36,High,60.86,100.72,15,55,Low,Low
366,Robert Jones,22,Male,North,10,Medium,102.95,74.12,58,64,High,High
367,Chris Garcia,66,Female,Central,98,Medium,115.1,142.29,100,42,Medium,Low
368,Jane Johnson,61,Male,Central,51,High,161.56,178.93,97,7,Medium,Low
369,David Brown,26,Male,East,51,Low,187.27,40.37,9,58,Low,High
370,Robert Smith,67,Male,Central,26,Medium,115.85,42.56,22,12,High,High
371,Emily Garcia,28,Female,East,100,Low,76.65,85.81,10,29,High,High
372,Jane Lee,40,Male,West,80,High,54.97,121.2,56,87,Low,Medium
373,John Davis,54,Female,North,27,Medium,57.69,41.1,43,6,Low,Low
374,Chris Johnson,29,Female,East,34,Low,163.22,18.24,96,50,Low,Low
375,Laura Lee,58,Female,East,49,High,118.44,40.93,36,59,Low,Medium
376,Robert Lee,51,Female,North,95,Medium,43.08,147.01,8,3,High,High
377,John Johnson,43,Female,West,6,Low,129.65,59.57,89,9,Medium,Medium
378,Laura Williams,53,Male,North,6,Low,48.86,181.13,89,23,Medium,Medium
379,Sarah Garcia,34,Male,West,3,Low,110.62,138.66,5,35,Medium,Low
380,Chris Davis,24,Male,Central,31,High,12.42,39.08,28,72,High,Medium
381,Mike Brown,73,Male,West,96,High,57.33,156.67,78,18,Medium,Low
382,Chris Brown,67,Female,West,31,High,74.84,98.42,32,45,Medium,Low
383,Jane Smith,31,Female,Central,67,Medium,60.08,171.07,84,98,Medium,High
384,Mike Jones,71,Male,South,62,High,182.5,87.29,67,81,Low,High
385,Katie Miller,68,Female,South,40,Low,21.73,99.81,68,21,Medium,Low
386,Jane Garcia,70,Male,East,52,Low,100.18,38.7,63,3,Low,High
387,David Lee,61,Female,West,73,High,65.6,56.37,90,55,High,High
388,John Miller,65,Female,East,83,High,42.23,36.98,43,71,Low,Medium
389,Chris Williams,42,Female,North,12,Medium,140.79,198.44,72,12,Low,High
390,Robert Smith,51,Female,Central,1,Low,143.64,118.03,53,5,Medium,Low
391,Chris Jones,70,Male,West,100,Medium,173.63,144.98,23,61,Low,High
392,Mike Williams,32,Male,West,26,Medium,105.27,173.64,17,95,Medium,Low
393,Chris Jones,61,Female,East,69,High,176.21,71.56,44,66,High,High
394,John Williams,72,Female,North,87,High,174.88,162.54,33,67,High,Low
395,Katie Garcia,58,Male,West,52,High,136.14,84.39,7,52,High,High
396,Laura Miller,28,Male,East,68,High,50.79,88.2,35,81,Low,High
397,Jane Davis,39,Female,East,28,Medium,39.02,134.13,35,66,Low,Low
398,David Jones,33,Male,East,72,Medium,172.39,188.92,42,16,Low,Medium
399,Jane Williams,43,Male,South,87,Low,27.81,103.17,47,86,High,High
400,Robert Johnson,43,Male,South,2,High,28.23,89.31,75,19,Low,Medium
401,Robert Brown,20,Male,East,71,High,99.48,116.46,5,33,Low,Medium
402,Jane Lee,29,Female,Central,69,Medium,32.77,85.9,92,47,Medium,Medium
403,David Jones,35,Female,West,31,Low,30.43,123.17,2,96,High,Low
404,Mike Smith,45,Female,Central,75,High,26.83,143.67,62,55,Low,Medium
405,Jane Lee,69,Female,North,49,Low,26.44,163.66,35,13,Medium,Low
406,David Miller,61,Male,South,3,Low,76.18,61.55,3,81,Medium,High
407,Katie Brown,21,Male,East,77,High,10.72,115.6,6,29,Medium,Low
408,Emily Davis,30,Male,West,52,Medium,106.48,102.4,47,29,Low,Medium
409,Mike Johnson,18,Female,South,60,Medium,28.83,26.65,35,48,High,Low
410,Laura Martinez,47,Male,North,40,High,161.76,48.67,93,96,Medium,Low
411,John Jones,20,Male,South,1,Medium,95.2,145.82,89,90,High,Low
412,John Smith,57,Female,East,69,High,155.01,113.81,13,16,Low,High
413,Laura Johnson,19,Female,West,50,Low,52.88,67.44,46,38,Medium,Low
414,Mike Smith,46,Female,West,44,High,122.41,183.01,73,14,Medium,High
415,David Miller,67,Male,North,29,Low,188.67,35.83,94,96,High,High
416,Robert Jones,24,Female,East,97,High,111.64,123.83,58,80,Low,Medium
417,Mike Brown,64,Male,Central,46,High,158.04,63.94,87,37,High,Low
418,Katie Lee,60,Female,East,4,High,28.87,25.24,91,87,Low,High
419,Katie Jones,63,Female,South,30,Medium,70.91,73.48,85,12,Low,High
420,Sarah Miller,23,Male,North,82,Low,141.64,171.94,8,71,Medium,High
421,John Jones,48,Male,East,34,Low,167.0,56.43,41,55,High,Low
422,Sarah Martinez,53,Female,Central,20,High,35.55,97.49,39,38,Medium,High
423,Robert Davis,27,Male,East,59,Low,198.82,20.84,9,92,High,High
424,Jane Williams,61,Male,South,43,High,174.05,46.64,18,27,High,High
425,Mike Johnson,22,Female,West,72,Medium,76.05,148.4,39,11,Low,High
426,Mike Brown,34,Male,West,3,Medium,187.03,38.56,63,23,High,Medium
427,Laura Miller,73,Female,Central,36,High,15.68,173.8,100,92,High,Medium
428,David Jones,43,Male,South,98,Low,81.69,66.87,90,15,High,Low
429,Laura Smith,46,Female,South,92,Low,142.67,94.12,5,71,High,High
430,Mike Miller,55,Male,North,93,Medium,148.18,114.16,14,37,High,High
431,Laura Garcia,72,Male,Central,80,Medium,92.59,198.5,66,15,Low,High
432,Jane Smith,40,Female,South,32,High,15.9,131.31,42,38,Medium,High
433,Katie Miller,28,Female,West,99,Low,177.04,119.79,85,82,Medium,Medium
434,Chris Williams,32,Male,North,23,High,184.25,147.05,48,17,Medium,Medium
435,Robert Brown,71,Male,East,81,Medium,183.88,138.29,57,98,Low,High
436,David Jones,21,Male,South,57,Medium,53.96,96.68,39,33,Medium,High
437,Mike Brown,50,Female,South,55,Medium,43.92,144.71,94,67,High,Low
438,Robert Garcia,53,Female,North,68,Medium,78.77,182.08,70,91,Low,High
439,Sarah Jones,69,Male,East,77,High,198.59,39.76,94,77,Low,Medium
440,Jane Smith,26,Male,West,60,High,49.99,174.49,40,55,Medium,Low
441,Chris Miller,63,Male,East,51,Low,159.08,69.63,86,72,Medium,Medium
442,Robert Martinez,45,Female,South,29,Low,73.25,118.21,76,25,Medium,Low
443,David Jones,29,Male,East,97,Low,89.57,122.71,28,84,High,Medium
444,Emily Johnson,28,Female,West,54,High,103.45,172.46,22,81,High,High
445,Katie Williams,31,Female,East,27,Medium,54.25,131.73,46,86,High,Low
446,Robert Jones,38,Female,West,65,High,34.55,174.65,88,4,Low,Low
447,Laura Miller,66,Female,West,21,High,122.04,97.52,73,61,Medium,Medium
448,Mike Lee,66,Male,Central,73,High,71.84,156.91,48,38,Medium,Medium
449,Mike Jones,45,Male,South,2,Low,46.5,38.13,47,74,High,Low
450,Mike Williams,70,Female,North,71,Low,173.95,102.27,92,45,High,Medium
451,Jane Miller,30,Male,North,71,Medium,28.67,189.03,2,64,High,Low
452,Jane Johnson,71,Female,West,57,Low,23.95,133.56,52,37,Medium,High
453,Robert Davis,55,Female,North,35,Low,132.53,110.46,27,23,Low,High
454,Jane Williams,21,Male,West,44,High,55.19,146.49,95,21,Medium,Medium
455,Sarah Jones,60,Male,West,20,Medium,98.6,43.9,47,67,Medium,Medium
456,Laura Martinez,21,Female,East,27,High,123.18,38.28,23,54,Medium,Low
457,John Williams,35,Female,North,23,Medium,135.19,169.42,56,94,High,Low
458,David Miller,52,Female,Central,3,Low,169.12,32.37,49,84,High,Medium
459,John Martinez,54,Male,Central,88,Low,56.58,191.98,88,2,Low,Medium
460,Katie Jones,25,Male,North,88,High,177.32,150.37,15,19,High,High
461,Emily Williams,24,Female,South,39,Low,90.37,80.19,42,73,Low,High
462,Robert Martinez,60,Female,South,18,Low,194.1,162.48,62,51,Medium,Low
463,Emily Miller,60,Female,East,32,Low,147.14,57.34,25,62,High,High
464,Katie Johnson,43,Male,West,12,Medium,167.2,117.73,12,80,Low,High
465,Chris Lee,38,Female,Central,8,Low,106.52,96.81,32,54,Medium,High
466,Mike Garcia,66,Male,North,26,Low,70.49,68.19,92,61,Medium,Low
467,Robert Smith,43,Male,West,86,Low,85.09,199.74,23,4,High,High
468,Chris Johnson,65,Female,North,63,Low,28.38,168.53,30,24,High,High
469,John Williams,53,Female,South,37,Low,183.56,150.81,46,78,High,High
470,Robert Garcia,42,Female,Central,82,Medium,180.08,72.57,99,67,High,High
471,Chris Garcia,56,Male,East,35,High,133.09,191.35,69,36,Medium,Low
472,Jane Martinez,32,Female,West,93,High,113.95,144.58,62,45,Medium,High
473,Jane Brown,61,Female,East,92,Low,134.91,98.54,54,21,High,Low
474,Mike Lee,58,Male,North,44,Medium,42.99,193.32,70,44,High,High
475,Jane Smith,66,Male,South,41,Low,21.94,136.89,21,93,Low,Low
476,Chris Jones,58,Female,West,60,High,62.32,163.66,73,71,Medium,Medium
477,Katie Smith,57,Male,South,9,High,13.83,146.16,44,69,Medium,Medium
478,Laura Williams,44,Female,West,88,Low,88.99,59.79,94,75,Low,Low
479,Chris Johnson,24,Male,East,26,Low,173.22,161.81,88,75,High,Low
480,David Miller,23,Female,West,21,High,60.07,70.94,32,2,Low,High
481,Chris Miller,36,Male,West,6,Medium,49.09,69.05,81,42,Low,High
482,Emily Garcia,43,Male,North,62,Low,134.44,148.72,16,9,High,High
483,Laura Lee,40,Male,East,16,Medium,187.73,85.12,80,37,Low,Medium
484,Katie Miller,48,Female,North,66,Medium,67.99,161.72,90,30,Low,High
485,Jane Johnson,66,Male,South,54,High,36.74,58.05,62,67,High,Low
486,Laura Brown,35,Male,East,58,High,135.75,35.01,83,71,Low,Low
487,Laura Garcia,33,Male,Central,67,High,194.59,26.39,83,29,High,Low
488,Sarah Miller,57,Female,Central,82,High,105.4,198.93,19,76,Medium,Medium
489,Emily Williams,68,Male,East,90,Low,81.19,125.39,16,73,High,Low
490,Mike Brown,60,Male,Central,57,Medium,31.75,165.0,44,1,Medium,High
491,Robert Davis,40,Female,North,37,Medium,71.3,132.11,10,50,High,High
492,Jane Smith,26,Female,Central,18,High,81.73,33.68,48,40,Medium,High
493,Laura Smith,67,Male,East,20,Medium,92.6,13.51,77,37,Low,High
494,Mike Brown,56,Female,East,85,Low,188.58,171.71,46,35,Low,Low
495,Laura Brown,33,Female,East,73,Low,159.2,103.17,23,12,High,Low
496,Robert Smith,47,Male,East,28,Low,100.01,87.7,33,61,Low,High
497,Robert Brown,32,Male,Central,61,Medium,21.97,113.26,96,100,Low,High
498,John Johnson,24,Male,East,33,High,106.19,71.96,60,92,Low,Medium
499,Mike Jones,41,Male,North,37,High,123.36,109.36,22,49,High,High
500,Jane Smith,60,Female,East,96,High,42.79,137.62,42,78,Medium,Low
501,Mike Martinez,26,Female,West,83,High,26.18,89.01,70,36,High,Medium
502,David Smith,43,Female,West,93,High,42.1,165.31,66,78,High,Medium
503,Robert Williams,41,Female,North,45,Medium,57.22,54.34,29,27,High,Low
504,Chris Smith,28,Male,North,49,High,27.02,105.1,95,97,High,Low
505,Chris Brown,27,Female,West,46,High,157.25,105.7,70,19,Medium,High
506,Katie Jones,33,Female,Central,43,High,91.14,55.3,37,29,High,Medium
507,Chris Martinez,52,Female,North,87,Low,12.84,171.13,81,33,Medium,Medium
508,Katie Williams,57,Female,South,13,High,114.1,141.68,24,13,High,High
509,Jane Jones,46,Male,Central,91,High,16.65,69.65,6,5,High,Medium
510,Emily Jones,34,Male,South,15,High,98.03,170.71,71,60,High,Medium
511,Sarah Johnson,23,Male,South,41,Low,177.23,111.47,82,58,High,Medium
512,David Garcia,61,Male,West,88,Low,133.02,137.66,68,88,Low,High
513,Chris Brown,20,Female,East,63,Medium,176.44,187.12,80,4,Low,Medium
514,Emily Davis,57,Female,North,36,Medium,110.95,94.28,99,74,Medium,High
515,Emily Miller,22,Female,West,59,Low,68.96,89.99,73,68,Medium,High
516,Sarah Jones,72,Male,Central,75,High,99.25,79.05,88,23,Medium,Medium
517,John Garcia,35,Male,South,24,Medium,153.11,43.26,45,77,High,High
518,John Lee,50,Male,Central,14,Low,124.55,121.0,69,7,High,High
519,Laura Johnson,47,Male,West,95,Low,33.29,122.62,34,38,Low,High
520,Jane Davis,42,Female,Central,27,Medium,149.79,125.89,59,90,Low,Medium
521,Laura Davis,70,Female,West,28,High,53.51,117.1,23,55,Low,Medium
522,Jane Garcia,40,Female,South,41,Medium,93.1,146.1,3,42,Medium,Medium
523,Katie Miller,64,Male,South,82,High,19.65,93.62,36,44,High,High
524,Mike Johnson,28,Male,North,65,Medium,61.86,169.21,46,32,Medium,High
525,Katie Garcia,48,Male,South,15,Medium,148.23,113.97,45,37,Medium,Low
526,Robert Martinez,48,Female,Central,43,High,40.67,55.86,49,7,High,High
527,Sarah Johnson,33,Female,Central,26,High,60.61,184.06,85,8,Low,Low
528,Laura Garcia,38,Male,West,51,High,140.2,179.08,4,25,Low,High
529,John Miller,37,Male,North,9,High,69.44,67.6,59,77,High,Medium
530,Chris Johnson,63,Female,Central,84,Medium,41.74,18.63,9,96,High,Medium
531,Katie Martinez,42,Male,North,79,Low,61.93,123.52,37,76,Medium,High
532,Katie Davis,23,Female,Central,84,Medium,194.18,160.79,9,49,Low,Medium
533,Robert Miller,52,Female,South,74,Low,130.21,54.43,30,65,Low,High
534,Katie Smith,74,Male,South,12,High,142.21,153.26,96,72,Medium,High
535,Jane Jones,31,Male,Central,91,High,191.75,138.35,26,74,High,Low
536,Jane Lee,39,Female,South,18,Medium,77.87,124.73,39,79,High,Low
537,Laura Jones,65,Male,East,51,High,98.33,190.9,5,35,Low,Medium
538,John Jones,55,Male,Central,62,Low,114.01,172.4,98,49,High,High
539,Emily Williams,60,Male,Central,32,Medium,14.23,111.9,49,8,High,High
540,Chris Martinez,28,Female,North,24,High,158.55,143.31,18,100,Low,Medium
541,Emily Davis,73,Female,West,11,Medium,26.29,194.73,54,100,Medium,Medium
542,David Lee,43,Female,Central,31,Medium,105.63,144.92,96,90,High,Low
543,John Johnson,40,Male,Central,72,High,113.53,149.6,36,85,High,Medium
544,Chris Smith,63,Male,East,6,Medium,150.79,99.96,33,76,High,Medium
545,Robert Garcia,72,Female,North,80,Low,192.57,42.02,21,69,Low,Medium
546,Mike Brown,27,Male,West,33,Low,71.8,33.31,65,97,High,Low
547,Katie Garcia,43,Male,North,70,Medium,48.84,68.25,53,49,Low,High
548,Chris Jones,72,Female,Central,23,High,69.29,173.34,37,93,Medium,Low
549,Jane Smith,43,Female,West,66,High,174.44,164.05,71,34,High,Low
550,David Garcia,45,Female,North,92,High,194.98,144.62,29,9,Medium,Medium
551,Robert Lee,75,Female,South,53,Medium,144.17,115.15,48,11,Medium,Medium
552,Emily Garcia,40,Male,South,57,High,62.6,66.65,25,6,Low,High
553,Chris Smith,31,Male,Central,94,Medium,42.63,38.14,59,71,High,High
554,Chris Miller,52,Female,South,31,High,47.0,48.35,53,1,Medium,High
555,Mike Garcia,18,Female,South,43,Low,28.34,195.5,78,35,Low,Medium
556,Katie Jones,40,Female,West,62,Medium,104.84,183.94,37,67,Low,Low
557,Sarah Jones,48,Male,South,55,Medium,198.65,43.67,4,99,Low,High
558,Sarah Brown,37,Male,East,39,Low,125.02,55.42,58,68,Low,Medium
559,David Martinez,72,Female,South,63,High,85.11,31.87,30,64,Medium,Low
560,Jane Williams,22,Female,South,1,High,18.31,68.14,30,44,Low,Medium
561,John Martinez,38,Female,East,40,High,41.86,80.57,19,49,Low,Medium
562,Sarah Martinez,28,Male,Central,37,Medium,70.99,77.47,67,60,Low,Low
563,Sarah Johnson,27,Female,South,71,High,14.58,70.4,52,22,Low,Medium
564,Emily Martinez,74,Male,South,3,High,64.58,12.99,72,14,High,Low
565,Emily Garcia,25,Male,East,26,Low,94.29,99.97,44,5,High,Low
566,Mike Williams,28,Female,South,16,Medium,177.31,99.01,22,70,High,High
567,Mike Johnson,26,Female,South,71,High,190.54,58.32,29,36,High,High
568,Mike Brown,24,Male,Central,56,Medium,153.39,29.87,82,29,Medium,Medium
569,Katie Jones,65,Female,West,24,Medium,113.06,20.51,58,99,Medium,High
570,John Miller,26,Female,West,39,Medium,115.89,152.33,99,75,High,Medium
571,Emily Smith,65,Male,South,41,Medium,188.71,90.91,34,80,Medium,High
572,Laura Miller,18,Female,Central,44,High,73.19,158.41,59,67,Medium,High
573,Katie Johnson,28,Female,South,40,Low,153.26,128.49,86,21,High,Medium
574,Emily Smith,40,Male,North,49,Medium,56.3,152.76,18,58,High,Low
575,Mike Lee,74,Male,East,76,Medium,197.11,140.07,50,72,Medium,High
576,Laura Williams,35,Female,South,65,High,159.56,113.6,91,53,Medium,Medium
577,Laura Jones,70,Female,North,75,Low,96.28,15.34,9,93,Low,Low
578,Robert Garcia,25,Female,East,47,Low,92.48,75.59,32,53,High,Medium
579,Emily Garcia,33,Female,East,45,Low,86.66,11.1,61,36,Low,Low
580,Jane Smith,57,Male,West,99,Low,154.37,93.75,47,16,High,High
581,Katie Martinez,59,Female,South,55,High,198.72,183.7,74,94,Medium,High
582,David Williams,21,Female,West,52,Low,131.92,135.11,6,11,Medium,High
583,Robert Johnson,25,Male,North,68,Medium,148.12,96.23,16,2,Medium,Low
584,Emily Martinez,58,Male,North,1,High,96.51,141.29,41,34,High,Low
585,Chris Miller,34,Female,West,95,High,150.14,122.22,85,63,Low,High
586,Sarah Williams,43,Male,North,81,Medium,73.93,21.47,99,69,High,High
587,Jane Garcia,33,Female,Central,61,Low,97.53,34.16,62,15,Medium,Medium
588,Robert Williams,18,Male,East,24,High,43.24,199.91,93,64,High,Low
589,Sarah Johnson,61,Male,West,16,Low,60.29,195.33,20,9,Medium,Medium
590,John Garcia,63,Male,West,5,Medium,18.92,94.24,90,59,High,Medium
591,Laura Williams,30,Female,South,77,Medium,53.01,186.76,32,75,High,High
592,David Jones,21,Male,East,70,High,134.72,127.38,30,65,Medium,Low
593,Katie Miller,63,Female,North,83,Low,165.62,180.8,36,83,Low,Low
594,Robert Brown,49,Female,West,19,Low,128.53,12.44,80,40,Medium,Medium
595,Sarah Miller,51,Male,North,74,High,178.15,24.98,91,29,Medium,Medium
596,Sarah Lee,20,Female,South,47,Medium,193.4,34.55,50,64,Low,Low
597,Chris Davis,51,Male,Central,49,Medium,134.24,144.86,27,93,Low,High
598,Laura Lee,25,Male,East,35,Medium,99.96,133.83,64,10,Medium,Medium
599,Laura Smith,65,Male,West,3,High,34.04,21.69,47,68,High,Medium
600,Katie Smith,54,Male,East,37,High,95.33,55.97,15,44,Medium,Low
601,Sarah Johnson,22,Female,South,71,Low,37.35,100.52,37,79,High,Low
602,David Lee,72,Male,South,37,Low,172.01,193.0,97,87,Medium,High
603,Mike Brown,70,Male,North,50,High,89.64,51.74,42,55,Medium,High
604,David Lee,37,Female,South,5,High,174.08,115.07,36,72,High,Medium
605,Jane Brown,37,Male,South,18,High,71.24,167.91,2,24,Low,Medium
606,Emily Johnson,65,Female,East,51,Medium,98.17,14.25,66,72,High,Medium
607,David Smith,27,Male,West,12,Medium,113.62,131.82,14,88,High,Medium
608,David Johnson,58,Male,Central,45,High,160.54,137.05,41,72,Low,High
609,David Smith,25,Female,West,86,Medium,69.22,129.43,55,72,Medium,Medium
610,Chris Brown,70,Male,Central,90,High,69.11,146.51,79,19,High,Low
611,Katie Johnson,57,Female,East,59,Medium,129.93,188.13,47,84,High,Low
612,Chris Garcia,18,Female,East,54,Medium,82.58,38.46,68,61,High,Low
613,Emily Lee,71,Female,North,21,Low,61.69,59.5,78,71,Medium,High
614,Robert Martinez,31,Male,South,56,Low,184.49,116.95,44,75,Medium,Low
615,Jane Lee,40,Female,East,79,Medium,184.26,16.39,88,48,Medium,High
616,Laura Williams,52,Male,East,3,Medium,35.24,162.08,35,84,Low,Medium
617,Jane Williams,37,Female,South,46,Medium,139.83,151.37,20,26,High,High
618,Mike Smith,26,Male,Central,70,Medium,85.52,194.49,4,88,High,Low
619,David Williams,41,Male,East,65,High,36.12,19.61,84,41,Medium,Low
620,Mike Miller,56,Female,South,12,High,180.3,29.56,4,17,Medium,High
621,Laura Martinez,68,Male,East,38,Low,51.87,191.01,88,64,Medium,Low
622,Katie Brown,59,Male,East,58,Low,120.3,21.8,71,67,Low,Medium
623,Sarah Johnson,51,Female,North,95,Medium,52.42,175.0,22,83,Medium,Low
624,Sarah Williams,38,Female,South,45,Medium,82.46,44.95,56,75,High,Medium
625,Robert Miller,66,Female,Central,75,Medium,134.89,43.58,1,18,Low,Medium
626,Katie Garcia,29,Female,South,90,High,42.82,30.35,11,33,High,Low
627,Robert Johnson,48,Male,West,44,Medium,77.14,156.22,8,58,Medium,Medium
628,David Lee,70,Male,West,19,Medium,192.89,150.44,68,35,Low,Low
629,Katie Davis,34,Female,West,18,Low,102.36,108.41,16,46,Medium,Low
630,Jane Brown,65,Male,South,36,High,71.65,181.34,43,72,Low,Low
631,Jane Martinez,40,Female,West,32,Low,69.91,141.76,85,60,Medium,High
632,Emily Brown,30,Female,East,11,High,11.83,148.93,54,21,Medium,Low
633,John Smith,25,Female,West,100,Low,93.13,139.46,33,84,Medium,High
634,Sarah Davis,42,Female,North,55,Low,176.72,58.12,94,28,Medium,Low
635,Jane Martinez,71,Female,South,68,High,62.31,59.94,2,27,Low,High
636,Robert Miller,56,Male,South,53,Low,54.77,118.87,38,64,Low,Low
637,David Miller,75,Male,Central,77,Low,98.26,187.33,44,63,Low,High
638,Emily Brown,45,Male,South,2,Low,67.07,65.12,85,66,Low,Low
639,David Lee,68,Female,North,61,Low,106.69,52.31,19,67,Medium,High
640,Robert Johnson,53,Male,East,61,High,182.8,71.47,96,87,High,Low
641,Jane Smith,18,Female,Central,46,High,168.93,146.63,72,58,Medium,High
642,Jane Martinez,34,Male,West,44,Low,105.72,116.42,51,38,Medium,Low
643,Robert Williams,70,Male,North,65,Medium,89.78,30.92,65,91,Low,High
644,David Martinez,71,Male,South,57,High,36.34,169.69,64,78,High,Low
645,Laura Miller,36,Male,Central,96,High,48.28,18.78,30,10,Medium,Low
646,Katie Smith,54,Male,East,16,Low,44.86,176.38,47,29,High,Low
647,Katie Jones,35,Male,South,43,High,191.8,121.6,99,33,High,High
648,Jane Johnson,41,Female,South,83,High,148.55,75.89,30,28,High,High
649,Sarah Brown,34,Male,South,65,Medium,136.26,53.45,48,51,Low,High
650,Katie Miller,62,Male,North,27,Medium,30.53,51.23,7,59,Medium,High
651,Laura Jones,73,Male,Central,53,Medium,106.47,104.96,59,9,High,Low
652,Emily Jones,56,Female,Central,20,High,162.72,23.95,46,47,High,Low
653,Robert Lee,40,Female,East,66,Medium,51.55,109.78,91,38,Medium,Medium
654,John Jones,46,Male,South,74,High,43.75,156.62,16,98,Low,Medium
655,Mike Brown,24,Male,West,65,High,168.04,134.88,86,11,Medium,Low
656,David Martinez,38,Male,East,53,Low,98.4,133.66,8,8,High,Low
657,Mike Johnson,75,Male,South,2,Medium,168.87,40.27,54,78,Medium,Medium
658,Jane Miller,39,Female,Central,50,Low,174.32,145.21,12,71,Medium,High
659,Mike Miller,70,Female,East,81,Medium,159.13,99.75,86,86,Medium,Medium
660,Sarah Miller,56,Female,West,56,Medium,134.82,80.78,18,16,Low,Medium
661,Sarah Brown,32,Male,Central,55,High,61.16,75.58,8,68,Medium,High
662,Emily Brown,68,Female,West,79,High,61.61,105.7,97,7,Medium,High
663,David Brown,53,Female,North,90,Medium,93.16,31.23,80,70,High,Medium
664,John Johnson,59,Female,West,46,High,28.05,79.56,5,79,Medium,Low
665,David Williams,62,Female,South,38,Low,133.34,177.73,86,67,Medium,Low
666,Chris Smith,37,Female,West,43,Low,94.83,96.6,67,93,Low,Medium
667,John Jones,24,Male,South,95,Low,112.19,125.23,97,44,High,High
668,Katie Johnson,39,Male,Central,56,Low,26.88,31.66,25,17,Medium,High
669,David Davis,42,Male,North,8,Medium,163.81,102.17,43,59,Medium,Medium
670,Katie Smith,24,Female,North,40,Low,80.25,116.71,75,100,Low,High
671,John Garcia,59,Male,East,36,Low,55.23,118.15,26,39,Medium,High
672,John Lee,61,Female,Central,98,High,96.98,182.11,4,75,Low,Medium
673,Katie Smith,35,Female,North,62,Medium,131.36,156.39,72,73,Medium,High
674,Sarah Smith,18,Male,Central,82,Medium,129.91,175.56,55,46,High,Medium
675,Laura Brown,51,Female,North,92,Low,29.29,40.77,91,89,Medium,Low
676,Emily Smith,69,Male,West,45,Medium,189.58,49.12,57,4,Medium,Medium
677,Sarah Lee,43,Male,North,52,Medium,134.36,39.56,74,36,Medium,Medium
678,Sarah Lee,36,Male,West,11,Low,189.89,143.58,43,32,High,Low
679,Robert Johnson,61,Male,West,47,Medium,10.72,172.13,1,45,High,Low
680,Mike Jones,65,Male,North,19,High,83.65,134.57,93,50,Low,Low
681,Sarah Martinez,52,Female,South,77,Low,15.91,26.05,13,28,Low,Low
682,Laura Miller,35,Female,East,94,Low,15.76,30.98,67,19,Medium,Medium
683,Chris Johnson,52,Male,North,11,Medium,41.01,151.29,79,65,High,Low
684,Robert Smith,30,Female,Central,36,High,39.8,144.05,99,39,Low,High
685,Emily Williams,55,Male,South,72,Medium,80.27,85.29,69,9,Medium,High
686,Chris Williams,70,Female,South,20,Medium,51.56,91.13,8,88,High,Medium
687,Emily Smith,41,Male,North,71,Low,139.63,85.67,89,70,Medium,High
688,David Lee,67,Female,South,57,High,91.62,80.43,86,6,Low,Medium
689,John Martinez,29,Female,South,70,Medium,173.46,71.76,48,15,Medium,Low
690,Robert Jones,48,Female,West,30,Medium,159.78,83.08,62,44,Medium,Medium
691,Emily Garcia,51,Male,West,68,High,124.46,103.76,37,2,Low,Medium
692,Jane Johnson,23,Male,East,16,High,106.42,61.92,2,97,Low,Medium
693,Chris Smith,20,Female,Central,36,Medium,34.28,163.27,11,13,Medium,Low
694,Jane Miller,19,Male,Central,36,Low,156.98,124.55,82,19,Low,Low
695,Sarah Williams,36,Male,South,46,Medium,18.41,122.01,97,75,Low,Low
696,David Garcia,63,Female,West,54,Medium,34.91,189.79,75,98,Low,Low
697,David Davis,18,Male,East,86,High,111.35,157.74,17,83,Medium,Medium
698,Katie Johnson,20,Male,South,53,Medium,123.59,64.58,31,48,Low,High
699,Laura Jones,44,Female,Central,75,Medium,163.94,192.63,47,100,High,Low
700,Emily Williams,29,Female,West,70,Low,66.09,75.18,12,51,High,High
701,John Martinez,75,Male,South,31,High,29.24,173.49,44,92,Medium,Low
702,Emily Davis,70,Female,West,56,Low,11.67,81.38,44,67,High,High
703,Emily Lee,46,Male,North,29,Medium,156.98,77.34,30,53,High,Medium
704,John Garcia,71,Male,East,83,Low,134.45,109.33,73,13,High,Low
705,Robert Martinez,70,Male,Central,23,High,102.52,131.44,44,14,High,Low
706,John Garcia,59,Male,West,38,High,139.42,155.83,25,92,Low,Low
707,Sarah Jones,27,Female,West,50,High,165.69,195.61,83,90,Low,Low
708,Mike Williams,75,Female,South,30,High,56.82,185.96,71,62,Low,Medium
709,Robert Lee,37,Female,South,2,Low,97.67,116.92,39,83,Medium,High
710,Sarah Jones,18,Male,North,76,Low,111.37,128.11,91,97,High,Medium
711,Sarah Davis,73,Male,West,46,Medium,149.72,109.94,73,20,Medium,Medium
712,Robert Lee,54,Female,North,6,Low,74.45,61.73,92,36,Low,Low
713,Sarah Miller,43,Male,South,81,High,151.34,102.97,66,44,Low,Medium
714,Laura Lee,34,Female,East,99,Medium,196.01,146.68,24,86,High,High
715,Emily Miller,46,Male,East,68,Medium,176.51,88.54,7,18,Medium,Medium
716,Emily Lee,26,Female,North,30,Medium,40.7,146.34,100,17,High,Medium
717,Laura Johnson,25,Female,North,45,High,94.06,73.59,22,82,Medium,Medium
718,John Martinez,38,Female,East,26,High,197.05,21.91,55,91,High,Medium
719,Emily Brown,74,Male,West,64,High,30.55,175.84,12,17,High,Low
720,Katie Jones,62,Male,East,66,Low,40.66,43.07,19,21,Low,Medium
721,Sarah Martinez,61,Male,South,9,Medium,135.92,27.53,30,8,Low,High
722,Chris Davis,63,Male,South,86,High,154.62,50.38,54,82,Medium,Low
723,John Johnson,32,Female,Central,51,High,23.19,58.17,66,25,Medium,Medium
724,Mike Jones,39,Male,South,53,Medium,179.02,80.36,23,28,Low,High
725,Chris Lee,51,Female,South,18,High,55.21,141.56,48,30,Low,Medium
726,Sarah Davis,64,Female,West,88,Medium,12.17,128.89,4,100,Medium,Medium
727,Sarah Smith,23,Female,North,100,Low,40.04,43.05,14,99,Medium,High
728,Mike Miller,41,Male,South,38,Medium,27.27,137.62,53,50,Low,High
729,Mike Smith,33,Female,South,80,High,34.81,173.39,61,38,Low,Medium
730,Katie Jones,45,Female,East,99,Medium,146.75,91.59,92,5,High,High
731,David Smith,34,Female,West,21,High,116.37,108.46,70,18,High,Low
732,Mike Davis,58,Female,East,52,High,185.11,192.41,25,58,Medium,Low
733,Katie Miller,34,Female,Central,44,High,127.83,28.83,30,63,High,Low
734,John Brown,71,Female,West,12,Low,120.25,191.85,94,40,Low,High
735,John Jones,40,Male,North,32,Low,100.67,21.73,86,99,Medium,Medium
736,Emily Williams,54,Female,Central,46,Medium,128.0,138.97,97,99,High,Medium
737,Jane Garcia,24,Male,Central,55,Medium,123.94,135.83,60,94,Medium,High
738,Laura Smith,41,Female,East,50,Low,73.61,175.15,77,83,High,High
739,Jane Johnson,55,Female,North,42,Low,146.41,160.07,84,61,High,Low
740,John Brown,28,Female,West,32,Medium,73.45,11.87,5,13,Medium,Medium
741,Robert Jones,71,Male,East,10,Medium,28.86,192.91,26,28,Low,High
742,Emily Miller,28,Male,North,68,Low,184.72,177.75,18,85,Low,Medium
743,Sarah Jones,58,Female,West,44,High,126.31,30.22,28,58,High,High
744,Emily Jones,60,Female,North,75,Low,72.62,32.12,46,50,High,Low
745,John Martinez,23,Female,North,93,Medium,42.38,177.48,17,75,Medium,Low
746,Mike Davis,26,Male,South,10,Low,134.03,19.46,56,19,Medium,Medium
747,David Williams,38,Male,West,5,Low,151.96,25.52,11,47,High,High
748,John Smith,45,Male,East,40,Low,114.64,43.78,1,85,Low,Low
749,David Martinez,37,Male,North,52,High,27.14,194.48,90,32,Low,Low
750,John Williams,51,Female,North,86,High,153.72,52.13,78,69,Low,Low
751,Katie Brown,23,Male,North,30,High,183.87,145.11,40,20,Low,Medium
752,Chris Davis,36,Male,West,18,Medium,56.45,134.39,43,67,High,High
753,Jane Miller,66,Female,West,31,High,107.85,149.87,44,74,High,Low
754,Sarah Davis,73,Female,Central,35,High,141.02,13.4,52,36,High,Low
755,Robert Jones,55,Male,South,93,Low,192.11,102.99,20,30,Medium,Low
756,Mike Brown,53,Female,Central,90,Medium,19.95,46.69,6,53,Medium,High
757,Emily Johnson,59,Male,West,26,High,90.15,15.43,26,27,Low,Low
758,David Brown,66,Male,East,94,Low,174.25,193.54,85,21,Medium,Medium
759,John Brown,45,Female,South,81,Medium,134.04,119.02,27,2,Low,High
760,Chris Lee,33,Male,Central,55,High,184.93,155.27,81,75,Medium,Low
761,John Williams,24,Female,South,78,Medium,158.35,189.25,46,32,Medium,Medium
762,David Garcia,72,Male,South,18,Low,171.59,156.74,39,1,High,High
763,David Williams,75,Female,North,13,Low,76.95,127.76,5,40,Low,Medium
764,Jane Martinez,39,Male,Central,79,Medium,111.68,55.83,53,21,Low,Medium
765,John Miller,24,Female,West,12,Low,130.44,17.06,74,53,Medium,Medium
766,Laura Lee,62,Female,North,18,Low,120.54,170.89,47,44,Medium,Low
767,Emily Davis,25,Female,North,52,Low,42.95,100.29,78,18,Low,Low
768,John Brown,28,Female,Central,66,High,77.55,32.21,64,44,Medium,Medium
769,Chris Garcia,61,Female,North,91,Low,59.56,115.94,66,64,Medium,Medium
770,Sarah Miller,54,Male,West,12,Low,13.29,119.17,9,81,Medium,Medium
771,Katie Martinez,70,Female,Central,88,Medium,87.46,189.99,52,30,Low,Low
772,Sarah Garcia,37,Female,East,36,Medium,152.91,146.25,79,16,Low,Low
773,Robert Garcia,63,Male,East,50,Medium,118.84,117.62,42,69,Medium,Low
774,Emily Lee,25,Male,North,54,Medium,184.89,92.66,74,9,High,High
775,Robert Williams,50,Female,East,12,Low,152.17,85.65,49,83,Low,Low
776,Sarah Davis,62,Female,East,44,Low,166.61,128.83,7,74,Low,Low
777,Katie Smith,20,Male,South,90,High,121.04,154.39,52,77,Low,High
778,Emily Davis,37,Female,South,22,High,141.03,65.61,55,85,Medium,Medium
779,David Garcia,75,Female,West,52,Low,91.7,42.84,38,7,Low,High
780,John Martinez,61,Female,East,18,High,44.88,77.08,62,37,Medium,Low
781,Laura Lee,46,Female,West,20,Medium,159.18,122.23,35,89,Medium,Medium
782,David Johnson,59,Female,Central,10,Low,182.57,29.75,71,38,Low,High
783,Katie Garcia,49,Female,West,99,Medium,90.58,182.7,44,86,Medium,High
784,John Garcia,31,Female,East,95,High,84.81,108.56,53,61,High,Low
785,Emily Miller,25,Female,North,54,High,97.01,50.08,69,45,Low,High
786,Robert Williams,31,Female,North,80,Low,159.52,128.21,86,60,Medium,Medium
787,Robert Johnson,45,Male,South,72,Medium,58.05,48.0,34,32,Low,High
788,John Johnson,53,Female,Central,53,High,183.19,89.33,96,69,High,High
789,David Lee,35,Male,West,21,High,89.07,194.37,97,10,High,Low
790,David Johnson,33,Female,North,65,Medium,21.01,132.0,1,1,Low,High
791,Katie Johnson,71,Male,South,16,Low,68.42,65.21,36,40,Low,Medium
792,Sarah Brown,73,Female,North,65,Low,190.76,125.09,35,17,Low,Medium
793,Sarah Smith,67,Female,South,55,High,49.02,125.26,56,78,Low,Low
794,David Brown,21,Male,East,70,Low,113.93,74.69,95,28,Low,Low
795,Laura Smith,31,Male,North,7,Low,14.04,157.26,41,97,High,Low
796,Laura Jones,37,Female,East,6,High,101.02,142.27,72,97,Low,High
797,Katie Davis,23,Male,South,63,High,128.22,135.02,27,37,Medium,Low
798,Sarah Johnson,43,Female,Central,53,High,176.36,84.61,58,58,Low,High
799,John Jones,53,Male,North,49,High,179.74,96.72,28,54,Medium,Medium
800,Robert Williams,58,Male,Central,17,Low,128.33,188.59,82,27,Medium,Medium
801,Jane Smith,29,Female,East,83,High,12.91,79.48,73,26,High,Medium
802,Laura Martinez,73,Female,North,32,Medium,164.54,67.8,32,26,Low,Low
803,Laura Smith,35,Female,West,49,Low,14.87,15.95,26,23,High,Medium
804,Sarah Miller,42,Male,West,16,High,140.52,36.31,56,31,High,High
805,Robert Miller,32,Female,Central,40,Medium,56.76,115.58,43,34,High,Medium
806,Katie Miller,38,Male,Central,3,Medium,96.21,175.05,48,60,High,Low
807,Laura Jones,66,Female,East,62,Medium,98.29,75.96,1,24,Medium,High
808,Sarah Davis,72,Female,East,46,Medium,93.96,147.08,78,60,Low,High
809,Jane Brown,61,Female,West,2,Low,101.42,65.46,91,74,Low,High
810,Mike Brown,42,Female,Central,34,High,15.76,116.83,36,74,High,High
811,Katie Martinez,66,Male,East,63,Low,156.84,167.97,38,14,Medium,Low
812,Jane Martinez,60,Male,East,55,Medium,178.68,155.66,92,63,High,Low
813,Robert Jones,70,Female,North,44,High,132.06,13.0,17,14,Medium,Low
814,David Martinez,39,Female,South,98,Medium,60.62,127.08,73,45,Low,High
815,Jane Davis,34,Male,East,87,High,70.19,107.73,63,39,Low,Low
816,Katie Davis,60,Male,Central,84,Medium,133.0,105.03,16,90,Low,Medium
817,John Smith,73,Male,North,15,High,63.29,165.04,67,84,High,Medium
818,Mike Johnson,25,Female,North,24,Medium,140.4,154.65,89,54,Low,Medium
819,Katie Lee,49,Female,Central,74,High,189.97,44.32,86,67,Medium,Low
820,Laura Williams,24,Female,North,70,High,169.12,70.25,11,58,Medium,Low
821,Mike Williams,60,Female,East,85,Low,85.27,100.02,41,29,Low,Medium
822,Jane Davis,34,Male,West,16,Medium,186.01,49.59,84,71,High,Medium
823,Emily Smith,56,Male,Central,8,Medium,126.07,149.3,78,75,High,High
824,Robert Jones,18,Male,North,25,High,139.53,62.19,50,58,Low,Low
825,Robert Williams,50,Male,East,13,Medium,184.47,79.61,23,8,High,Low
826,Chris Garcia,67,Female,East,83,Medium,45.26,44.25,8,100,Low,Low
827,Katie Garcia,55,Female,North,7,Medium,41.74,155.83,43,31,Low,Low
828,Chris Lee,54,Male,Central,72,Low,124.11,33.92,47,60,Medium,Low
829,John Johnson,36,Male,South,8,Medium,48.54,119.7,67,28,Low,Low
830,David Martinez,39,Female,North,68,Medium,141.77,59.06,93,21,High,Medium
831,Laura Williams,66,Male,North,88,High,148.62,151.74,96,87,High,Medium
832,John Lee,72,Male,North,61,Low,34.57,183.84,12,45,Low,Low
833,Chris Brown,52,Male,East,25,High,81.95,118.87,5,34,High,High
834,Mike Davis,41,Male,East,40,High,121.74,83.62,31,42,High,Medium
835,Mike Lee,48,Female,East,9,Medium,180.2,74.83,43,88,High,Medium
836,Robert Miller,33,Female,Central,20,Medium,130.15,77.24,81,22,Low,High
837,Emily Williams,47,Female,South,97,Low,188.98,199.95,81,13,Medium,Medium
838,Jane Garcia,33,Male,South,50,Medium,112.62,148.08,94,37,Low,Medium
839,Chris Williams,50,Female,East,33,High,85.41,29.21,63,58,High,High
840,Mike Jones,70,Female,North,96,High,51.75,41.31,86,44,Low,High
841,Emily Smith,47,Male,North,66,Low,54.95,37.82,69,26,Medium,High
842,John Jones,51,Male,West,87,Medium,86.13,63.24,15,69,Low,Low
843,Robert Brown,43,Male,South,48,Low,75.24,49.21,39,91,High,Low
844,David Brown,41,Male,West,6,High,37.1,65.2,79,91,High,Low
845,Robert Smith,48,Female,South,17,High,84.67,54.97,54,89,Medium,Medium
846,Katie Martinez,56,Male,West,64,High,193.28,163.66,30,75,High,Medium
847,Robert Miller,71,Male,East,32,High,110.15,179.8,96,51,Medium,Medium
848,Jane Jones,60,Female,South,46,High,109.83,126.3,71,42,High,Medium
849,Laura Martinez,32,Female,North,48,Low,72.93,180.29,97,95,High,High
850,Jane Garcia,23,Male,North,52,Medium,58.7,186.25,62,90,Medium,Low
851,Chris Miller,21,Male,South,41,High,60.86,153.29,87,86,Low,Medium
852,Robert Brown,38,Female,Central,8,High,169.48,40.37,20,19,Low,Low
853,Katie Martinez,19,Male,North,8,Low,74.52,53.52,28,70,High,High
854,David Miller,49,Male,North,61,Medium,21.98,13.96,35,15,Medium,Medium
855,Mike Smith,36,Female,North,70,High,60.84,193.07,25,44,Low,Low
856,Robert Smith,22,Male,Central,87,High,73.06,82.77,93,94,Low,High
857,Chris Miller,39,Male,North,20,High,24.83,120.64,25,75,Low,High
858,Chris Johnson,71,Female,West,38,Low,95.33,83.47,76,69,High,High
859,Emily Brown,74,Female,South,53,Low,94.57,17.26,64,43,High,High
860,Mike Williams,68,Female,Central,63,High,190.85,127.28,91,11,Medium,Medium
861,Mike Brown,71,Male,Central,54,High,38.06,66.59,5,12,Medium,High
862,David Miller,43,Male,South,92,High,85.07,27.02,85,7,Medium,High
863,Katie Williams,67,Male,East,72,High,94.76,47.4,13,11,Medium,Low
864,John Martinez,23,Female,East,55,Medium,126.36,141.56,93,48,Medium,High
865,David Garcia,41,Male,South,7,High,27.4,179.35,48,82,Low,High
866,Mike Jones,68,Female,South,23,High,136.39,91.31,30,11,Medium,High
867,Laura Miller,55,Female,North,77,High,78.22,117.13,2,54,Low,Medium
868,Laura Johnson,70,Male,Central,38,High,12.54,151.46,95,38,Medium,Low
869,Jane Martinez,30,Male,Central,49,Medium,199.77,168.87,88,7,High,Medium
870,Katie Williams,73,Female,North,18,High,111.16,82.54,97,73,Low,High
871,Laura Martinez,28,Male,North,50,High,41.38,15.36,49,10,High,Low
872,Laura Davis,66,Male,Central,38,High,190.24,76.48,39,94,Low,Medium
873,Sarah Martinez,47,Female,West,16,Low,124.88,157.97,40,42,Low,Medium
874,Mike Martinez,34,Female,Central,10,High,111.69,179.7,50,15,High,Medium
875,Katie Williams,24,Female,East,8,Medium,106.73,33.71,3,54,Low,Medium
876,Katie Johnson,24,Male,South,92,Medium,16.32,113.22,22,39,Low,High
877,Jane Smith,22,Male,South,73,Medium,60.32,183.04,68,54,Low,Medium
878,Mike Martinez,48,Female,North,61,Low,19.26,50.79,91,51,Low,Low
879,Katie Smith,52,Male,East,41,High,159.12,31.84,6,33,High,Low
880,Jane Williams,74,Male,East,2,Medium,52.42,24.42,88,56,High,High
881,Chris Williams,62,Female,Central,8,Medium,68.75,190.11,39,79,Medium,Low
882,Robert Jones,48,Female,South,63,High,180.7,12.72,91,59,High,High
883,Laura Garcia,57,Female,Central,95,High,49.27,111.51,28,86,Low,Low
884,Emily Miller,67,Female,East,68,Low,79.67,174.68,87,16,Medium,Medium
885,Laura Lee,35,Male,Central,96,Medium,126.35,95.38,74,58,Medium,Medium
886,Sarah Lee,70,Male,West,59,Medium,141.85,65.02,26,63,Low,High
887,Sarah Smith,38,Female,South,25,Medium,83.1,105.65,30,96,Low,High
888,John Garcia,66,Male,Central,4,Medium,133.43,127.97,83,14,Low,Low
889,Chris Williams,21,Male,East,25,High,99.3,83.5,35,42,Medium,High
890,Sarah Davis,19,Male,Central,36,Low,59.76,181.91,27,90,Low,Medium
891,Robert Miller,52,Male,Central,16,Medium,78.34,197.52,19,43,Low,Low
892,David Brown,55,Male,West,50,Low,71.67,107.12,18,32,Medium,Medium
893,Robert Lee,72,Male,North,42,Medium,120.04,189.07,97,97,Medium,High
894,Mike Jones,25,Female,North,82,Medium,45.4,13.79,28,1,Low,Low
895,John Johnson,44,Male,North,2,Low,29.97,97.53,90,83,Low,Low
896,Mike Johnson,21,Male,East,32,Low,21.25,113.28,82,50,Medium,Medium
897,Katie Lee,74,Female,Central,43,Low,177.44,23.71,7,44,High,Medium
898,Chris Williams,71,Male,North,97,Low,41.59,146.62,75,52,High,High
899,John Davis,33,Male,South,17,High,173.95,12.56,16,32,Low,Medium
900,Sarah Williams,20,Female,West,8,Medium,86.97,124.67,85,22,High,Medium
901,Sarah Martinez,67,Female,South,60,Low,135.81,139.5,67,2,High,Low
902,John Lee,34,Male,West,54,Low,127.12,137.99,2,52,Medium,Low
903,Jane Smith,40,Female,South,6,Medium,116.26,41.67,88,79,Medium,High
904,Chris Davis,67,Male,North,88,Low,192.79,187.01,44,87,Medium,Medium
905,David Davis,66,Male,Central,89,High,18.76,166.29,69,23,High,Low
906,Mike Jones,29,Male,Central,95,High,70.95,142.81,80,64,Medium,Low
907,Chris Martinez,26,Female,South,26,High,48.23,136.52,65,27,High,Low
908,David Jones,68,Female,South,69,Medium,155.98,151.16,12,28,Medium,High
909,Mike Lee,20,Male,Central,21,Low,31.33,32.49,21,85,Medium,Medium
910,Chris Miller,75,Female,South,93,Low,148.09,197.66,74,76,High,Medium
911,Jane Brown,59,Male,East,9,Medium,77.21,154.56,38,17,High,High
912,John Martinez,35,Male,West,94,High,192.56,83.86,18,42,Low,Medium
913,Sarah Lee,67,Female,West,2,Medium,172.56,76.85,6,13,High,High
914,Emily Brown,58,Female,South,44,Low,19.05,136.57,71,63,Low,Low
915,Mike Lee,67,Male,Central,46,High,125.4,130.5,98,51,High,High
916,Laura Martinez,59,Male,North,63,Medium,91.72,160.77,14,3,Medium,Low
917,Chris Smith,39,Male,East,50,Medium,48.77,138.78,78,66,Medium,Low
918,Laura Williams,44,Male,South,68,High,134.54,121.99,80,71,Medium,High
919,Laura Martinez,20,Female,East,50,High,63.13,95.91,22,35,High,High
920,Sarah Garcia,70,Male,East,7,Low,194.65,74.13,26,21,Low,High
921,Sarah Johnson,26,Female,South,89,Medium,121.58,100.98,50,11,Low,Medium
922,Mike Johnson,62,Female,South,1,Low,24.17,100.06,51,52,High,Medium
923,Chris Williams,40,Female,Central,19,Low,32.21,129.19,54,74,Low,Medium
924,John Davis,44,Female,East,19,High,158.91,148.66,2,88,Low,High
925,David Jones,54,Male,East,86,High,121.83,197.96,67,47,High,High
926,Robert Davis,31,Male,East,93,Low,184.74,39.98,51,46,High,Medium
927,Sarah Martinez,26,Male,West,96,Low,111.72,99.61,49,18,Medium,High
928,Sarah Martinez,26,Female,West,51,High,92.45,195.57,42,63,High,Medium
929,Chris Jones,30,Male,West,20,Low,98.85,102.12,7,23,Low,Low
930,Mike Martinez,70,Male,East,100,Medium,103.32,91.87,69,90,Low,Low
931,Jane Lee,36,Male,East,93,Medium,168.5,161.95,49,2,Low,High
932,John Davis,59,Female,Central,15,Medium,86.27,34.34,44,12,Medium,High
933,David Davis,36,Female,South,10,Low,157.04,14.7,85,28,High,Low
934,David Lee,18,Male,North,17,Low,137.25,150.44,8,48,High,Low
935,David Jones,48,Male,North,93,High,125.45,80.67,72,49,Medium,High
936,Laura Davis,68,Female,Central,65,Low,155.89,20.5,66,91,Low,Medium
937,Katie Williams,72,Male,South,98,High,66.06,104.89,68,48,Medium,Low
938,David Davis,42,Male,East,31,Medium,113.97,106.25,90,93,High,High
939,Katie Williams,63,Female,Central,72,Medium,38.83,158.81,4,2,Low,Low
940,David Johnson,36,Male,North,37,Low,197.72,63.65,7,53,High,Low
941,Sarah Jones,20,Male,South,40,High,66.77,49.93,54,19,High,Medium
942,Mike Williams,67,Male,East,23,Low,130.83,53.89,62,6,High,High
943,Mike Lee,69,Male,North,24,Medium,121.78,29.25,96,3,Medium,High
944,Katie Lee,53,Male,East,68,Low,64.26,138.62,19,55,Medium,Low
945,John Jones,56,Male,Central,16,Medium,54.64,57.12,73,32,Medium,High
946,Katie Lee,53,Male,East,21,Low,166.86,65.54,25,89,Medium,Medium
947,Laura Miller,26,Female,North,71,High,151.72,107.79,65,78,Medium,Medium
948,Laura Garcia,66,Female,East,41,High,45.99,157.46,28,25,High,High
949,Chris Smith,18,Female,South,87,Low,193.52,144.63,79,86,Medium,Medium
950,Laura Miller,58,Female,West,86,Low,100.91,88.43,85,39,High,High
951,Katie Johnson,20,Female,South,89,Medium,74.02,115.6,25,29,Low,Low
952,Katie Jones,38,Female,West,55,Medium,69.46,161.79,17,60,High,High
953,Mike Smith,39,Female,North,22,Medium,144.94,133.37,53,13,Low,High
954,Robert Brown,59,Female,East,24,Low,28.11,129.93,71,51,High,High
955,Jane Garcia,71,Male,East,75,High,162.19,129.55,97,13,Low,High
956,Robert Brown,22,Female,Central,97,High,15.83,109.03,85,97,High,High
957,Chris Lee,28,Female,Central,48,Low,165.72,110.69,53,54,Medium,High
958,Chris Martinez,28,Female,Central,55,Medium,22.33,140.92,35,13,Low,High
959,Mike Lee,44,Male,Central,24,High,169.28,84.84,46,67,Low,Medium
960,Katie Williams,47,Female,East,13,Low,73.56,68.69,13,26,High,Low
961,John Garcia,30,Male,North,90,Low,89.39,138.66,59,57,High,Medium
962,Chris Williams,54,Male,East,2,High,118.57,165.93,53,58,Medium,Medium
963,Jane Brown,38,Male,West,8,High,40.48,48.1,84,27,Medium,Medium
964,Sarah Brown,49,Male,East,20,Low,41.25,96.11,84,69,Medium,High
965,Mike Martinez,19,Female,West,70,High,160.32,195.05,62,91,Low,Medium
966,Laura Jones,18,Male,North,97,High,89.31,136.04,89,44,High,Low
967,Jane Johnson,72,Female,East,92,Low,145.14,156.43,65,4,High,High
968,Emily Garcia,19,Female,North,61,High,120.1,164.6,93,80,Low,Low
969,Chris Brown,20,Male,Central,39,Medium,82.92,45.45,7,53,Low,High
970,Chris Martinez,45,Female,West,78,Low,178.57,73.79,43,94,Medium,High
971,Laura Lee,24,Female,Central,27,Medium,150.56,131.55,22,68,High,Low
972,Katie Miller,47,Male,South,14,Low,127.29,104.75,83,73,Medium,Low
973,Mike Brown,56,Male,Central,64,High,78.27,109.26,48,50,High,Medium
974,Jane Miller,25,Female,East,61,Low,143.08,104.96,3,82,High,Low
975,Katie Johnson,69,Female,North,1,High,96.18,82.15,45,26,Low,High
976,Chris Williams,38,Female,South,11,Low,110.97,97.39,56,72,High,High
977,Mike Jones,32,Female,North,21,High,160.34,188.68,2,63,High,High
978,Chris Davis,37,Male,South,54,Low,67.16,189.13,75,1,Low,Low
979,Emily Davis,51,Female,East,59,Medium,167.12,163.33,17,87,Medium,High
980,Laura Davis,68,Female,South,27,Medium,164.36,12.78,92,39,Low,Low
981,Emily Miller,46,Male,Central,13,Medium,31.03,25.8,25,40,High,Medium
982,Mike Johnson,51,Male,Central,74,Low,191.63,66.95,68,94,High,Low
983,Jane Williams,48,Male,East,41,Medium,33.86,96.76,6,10,Low,Low
984,Katie Miller,67,Male,North,85,Medium,62.83,33.8,18,68,Medium,High
985,Emily Davis,45,Male,North,37,High,61.29,164.42,51,3,Medium,Medium
986,Jane Johnson,41,Female,East,27,Low,17.24,54.74,3,79,Low,Medium
987,Sarah Smith,31,Male,Central,52,Medium,98.76,63.67,11,57,Medium,High
988,Mike Johnson,69,Female,South,12,High,36.29,197.8,12,12,Medium,Low
989,Emily Miller,51,Female,East,25,High,112.26,93.07,77,87,High,High
990,Mike Lee,66,Male,East,66,Low,51.14,88.17,89,94,Medium,Medium
991,John Smith,67,Male,Central,96,Medium,100.15,178.35,99,11,Medium,Low
992,Mike Williams,57,Female,Central,89,Medium,138.53,23.1,14,19,Medium,Low
993,John Lee,67,Male,North,97,High,165.96,60.78,39,50,High,Medium
994,Chris Williams,65,Female,Central,2,Medium,106.2,20.29,7,87,Medium,High
995,Katie Lee,56,Female,North,93,Medium,83.69,73.18,31,51,Low,Medium
996,Jane Jones,28,Female,North,19,High,125.76,162.92,11,11,Medium,Low
997,Emily Brown,74,Female,West,100,Medium,94.34,199.46,30,49,Low,Low
998,Robert Lee,42,Male,South,98,High,197.27,123.38,82,57,High,Low
999,Sarah Johnson,32,Male,South,36,High,124.41,144.63,23,49,High,Low
1000,David Martinez,23,Male,West,43,Low,114.66,192.88,98,45,Low,Low
